time,channel_1
0.0,-46.0
0.005760036864235931,-44.0
0.011520073728471861,-47.0
0.01728011059270779,-40.0
0.023040147456943723,-21.0
0.028800184321179652,4.0
0.03456022118541558,18.0
0.04032025804965152,25.0
0.046080294913887446,-8.0
0.051840331778123375,-14.0
0.057600368642359304,-33.0
0.06336040550659523,-27.0
0.06912044237083116,-9.0
0.0748804792350671,16.0
0.08064051609930303,37.0
0.08640055296353896,44.0
0.09216058982777489,68.0
0.09792062669201082,73.0
0.10368066355624675,65.0
0.10944070042048268,63.0
0.11520073728471861,67.0
0.12096077414895455,72.0
0.12672081101319047,81.0
0.1324808478774264,89.0
0.13824088474166232,86.0
0.14400092160589828,70.0
0.1497609584701342,47.0
0.15552099533437014,15.0
0.16128103219860607,-29.0
0.167041069062842,-61.0
0.17280110592707792,-74.0
0.17856114279131385,-55.0
0.18432117965554978,-37.0
0.1900812165197857,-31.0
0.19584125338402164,-36.0
0.20160129024825757,-40.0
0.2073613271124935,-24.0
0.21312136397672943,-5.0
0.21888140084096536,-2.0
0.22464143770520129,-30.0
0.23040147456943721,-56.0
0.23616151143367314,-74.0
0.2419215482979091,-64.0
0.24768158516214503,-39.0
0.25344162202638093,2.0
0.25920165889061686,27.0
0.2649616957548528,30.0
0.2707217326190887,20.0
0.27648176948332465,14.0
0.2822418063475606,12.0
0.28800184321179656,28.0
0.2937618800760325,44.0
0.2995219169402684,46.0
0.30528195380450435,39.0
0.3110419906687403,32.0
0.3168020275329762,14.0
0.32256206439721213,2.0
0.32832210126144806,-6.0
0.334082138125684,-8.0
0.3398421749899199,-7.0
0.34560221185415585,-15.0
0.3513622487183918,-2.0
0.3571222855826277,24.0
0.36288232244686364,43.0
0.36864235931109957,63.0
0.3744023961753355,73.0
0.3801624330395714,63.0
0.38592246990380735,51.0
0.3916825067680433,48.0
0.3974425436322792,45.0
0.40320258049651514,47.0
0.40896261736075107,55.0
0.414722654224987,37.0
0.4204826910892229,6.0
0.42624272795345886,-39.0
0.4320027648176948,-61.0
0.4377628016819307,-60.0
0.44352283854616664,-54.0
0.44928287541040257,-59.0
0.4550429122746385,-62.0
0.46080294913887443,-55.0
0.46656298600311036,-37.0
0.4723230228673463,2.0
0.47808305973158227,19.0
0.4838430965958182,28.0
0.48960313346005413,24.0
0.49536317032429006,3.0
0.501123207188526,-27.0
0.5068832440527619,-39.0
0.5126432809169978,-30.0
0.5184033177812337,-21.0
0.5241633546454697,-16.0
0.5299233915097056,-13.0
0.5356834283739416,-7.0
0.5414434652381774,-10.0
0.5472035021024134,-16.0
0.5529635389666493,-3.0
0.5587235758308853,25.0
0.5644836126951212,32.0
0.5702436495593571,13.0
0.5760036864235931,-13.0
0.581763723287829,-47.0
0.587523760152065,-59.0
0.5932837970163009,-59.0
0.5990438338805368,-50.0
0.6048038707447727,-50.0
0.6105639076090087,-50.0
0.6163239444732446,-54.0
0.6220839813374806,-58.0
0.6278440182017164,-62.0
0.6336040550659524,-45.0
0.6393640919301883,-19.0
0.6451241287944243,2.0
0.6508841656586601,7.0
0.6566442025228961,4.0
0.662404239387132,-6.0
0.668164276251368,-6.0
0.6739243131156039,14.0
0.6796843499798398,35.0
0.6854443868440757,39.0
0.6912044237083117,24.0
0.6969644605725476,5.0
0.7027244974367836,-3.0
0.7084845343010194,-2.0
0.7142445711652554,21.0
0.7200046080294913,38.0
0.7257646448937273,54.0
0.7315246817579631,60.0
0.7372847186221991,50.0
0.743044755486435,45.0
0.748804792350671,39.0
0.7545648292149069,44.0
0.7603248660791428,56.0
0.7660849029433788,51.0
0.7718449398076147,25.0
0.7776049766718507,-1.0
0.7833650135360866,-14.0
0.7891250504003225,-15.0
0.7948850872645584,-17.0
0.8006451241287944,-17.0
0.8064051609930303,-14.0
0.8121651978572663,-13.0
0.8179252347215021,8.0
0.8236852715857381,18.0
0.829445308449974,23.0
0.83520534531421,18.0
0.8409653821784459,22.0
0.8467254190426818,10.0
0.8524854559069177,17.0
0.8582454927711537,42.0
0.8640055296353896,42.0
0.8697655664996256,33.0
0.8755256033638614,11.0
0.8812856402280974,6.0
0.8870456770923333,8.0
0.8928057139565693,9.0
0.8985657508208051,-1.0
0.9043257876850411,-25.0
0.910085824549277,-41.0
0.915845861413513,-54.0
0.9216058982777489,-53.0
0.9273659351419848,-50.0
0.9331259720062207,-37.0
0.9388860088704567,-44.0
0.9446460457346926,-63.0
0.9504060825989286,-92.0
0.9561661194631645,-91.0
0.9619261563274004,-47.0
0.9676861931916364,-13.0
0.9734462300558723,25.0
0.9792062669201083,33.0
0.9849663037843441,44.0
0.9907263406485801,43.0
0.996486377512816,55.0
1.002246414377052,63.0
1.0080064512412878,55.0
1.0137664881055237,37.0
1.0195265249697598,26.0
1.0252865618339957,21.0
1.0310465986982316,33.0
1.0368066355624674,60.0
1.0425666724267035,74.0
1.0483267092909394,61.0
1.0540867461551753,24.0
1.0598467830194112,-13.0
1.0656068198836472,-53.0
1.0713668567478831,-71.0
1.077126893612119,-62.0
1.0828869304763549,-43.0
1.088646967340591,-12.0
1.0944070042048268,25.0
1.1001670410690627,66.0
1.1059270779332986,75.0
1.1116871147975347,58.0
1.1174471516617706,35.0
1.1232071885260064,16.0
1.1289672253902423,6.0
1.1347272622544784,-9.0
1.1404872991187143,-37.0
1.1462473359829501,-74.0
1.1520073728471862,-103.0
1.1577674097114221,-105.0
1.163527446575658,-91.0
1.1692874834398939,-63.0
1.17504752030413,-26.0
1.1808075571683658,3.0
1.1865675940326017,9.0
1.1923276308968376,2.0
1.1980876677610737,5.0
1.2038477046253095,16.0
1.2096077414895454,18.0
1.2153677783537813,13.0
1.2211278152180174,23.0
1.2268878520822533,21.0
1.2326478889464891,31.0
1.238407925810725,49.0
1.244167962674961,47.0
1.249927999539197,36.0
1.2556880364034329,23.0
1.2614480732676687,23.0
1.2672081101319048,40.0
1.2729681469961407,47.0
1.2787281838603766,53.0
1.2844882207246124,47.0
1.2902482575888485,43.0
1.2960082944530844,47.0
1.3017683313173203,49.0
1.3075283681815562,35.0
1.3132884050457923,14.0
1.3190484419100281,-21.0
1.324808478774264,-46.0
1.3305685156384999,-52.0
1.336328552502736,-31.0
1.3420885893669718,-8.0
1.3478486262312077,-2.0
1.3536086630954438,-6.0
1.3593686999596797,0.0
1.3651287368239156,3.0
1.3708887736881514,4.0
1.3766488105523875,1.0
1.3824088474166234,-8.0
1.3881688842808593,-27.0
1.3939289211450951,-31.0
1.3996889580093312,-17.0
1.4054489948735671,11.0
1.411209031737803,32.0
1.4169690686020389,45.0
1.422729105466275,40.0
1.4284891423305108,18.0
1.4342491791947467,-4.0
1.4400092160589826,-19.0
1.4457692529232187,-20.0
1.4515292897874545,-15.0
1.4572893266516904,3.0
1.4630493635159263,4.0
1.4688094003801624,-15.0
1.4745694372443983,-48.0
1.4803294741086341,-74.0
1.48608951097287,-65.0
1.491849547837106,-44.0
1.497609584701342,-9.0
1.5033696215655779,-1.0
1.5091296584298137,0.0
1.5148896952940498,-8.0
1.5206497321582857,-8.0
1.5264097690225216,-6.0
1.5321698058867577,1.0
1.5379298427509935,16.0
1.5436898796152294,22.0
1.5494499164794653,20.0
1.5552099533437014,11.0
1.5609699902079373,-8.0
1.5667300270721731,-34.0
1.572490063936409,-43.0
1.578250100800645,-30.0
1.584010137664881,-13.0
1.5897701745291168,-11.0
1.5955302113933527,-2.0
1.6012902482575888,-5.0
1.6070502851218247,-15.0
1.6128103219860606,-29.0
1.6185703588502964,-33.0
1.6243303957145325,-16.0
1.6300904325787684,6.0
1.6358504694430043,31.0
1.6416105063072401,44.0
1.6473705431714762,38.0
1.6531305800357121,20.0
1.658890616899948,0.0
1.6646506537641839,-23.0
1.67041069062842,-38.0
1.6761707274926558,-37.0
1.6819307643568917,-40.0
1.6876908012211276,-56.0
1.6934508380853637,-76.0
1.6992108749495995,-91.0
1.7049709118138354,-82.0
1.7107309486780713,-62.0
1.7164909855423074,-30.0
1.7222510224065433,-5.0
1.7280110592707791,2.0
1.7337710961350152,-1.0
1.739531132999251,-13.0
1.745291169863487,-36.0
1.7510512067277229,-76.0
1.756811243591959,-88.0
1.7625712804561948,-106.0
1.7683313173204307,-93.0
1.7740913541846666,-84.0
1.7798513910489027,-64.0
1.7856114279131385,-65.0
1.7913714647773744,-75.0
1.7971315016416103,-72.0
1.8028915385058464,-50.0
1.8086515753700823,-10.0
1.8144116122343181,28.0
1.820171649098554,67.0
1.82593168596279,66.0
1.831691722827026,43.0
1.8374517596912618,12.0
1.8432117965554977,-23.0
1.8489718334197338,-34.0
1.8547318702839697,-31.0
1.8604919071482056,-15.0
1.8662519440124414,-2.0
1.8720119808766775,-6.0
1.8777720177409134,0.0
1.8835320546051493,11.0
1.8892920914693851,33.0
1.8950521283336212,50.0
1.9008121651978571,60.0
1.906572202062093,39.0
1.912332238926329,22.0
1.918092275790565,23.0
1.9238523126548008,34.0
1.9296123495190367,42.0
1.9353723863832728,42.0
1.9411324232475087,30.0
1.9468924601117445,14.0
1.9526524969759804,0.0
1.9584125338402165,-3.0
1.9641725707044524,7.0
1.9699326075686883,23.0
1.9756926444329241,36.0
1.9814526812971602,36.0
1.987212718161396,16.0
1.992972755025632,-7.0
1.9987327918898679,-14.0
2.004492828754104,-12.0
2.0102528656183396,-10.0
2.0160129024825757,1.0
2.021772939346812,9.0
2.0275329762110474,-5.0
2.0332930130752835,-23.0
2.0390530499395196,-35.0
2.0448130868037553,-21.0
2.0505731236679914,9.0
2.056333160532227,45.0
2.062093197396463,67.0
2.0678532342606992,52.0
2.073613271124935,24.0
2.079373307989171,-9.0
2.085133344853407,-21.0
2.0908933817176427,-20.0
2.096653418581879,6.0
2.102413455446115,26.0
2.1081734923103506,39.0
2.1139335291745867,43.0
2.1196935660388223,56.0
2.1254536029030584,74.0
2.1312136397672945,91.0
2.13697367663153,107.0
2.1427337134957662,93.0
2.1484937503600023,73.0
2.154253787224238,52.0
2.160013824088474,35.0
2.1657738609527097,14.0
2.171533897816946,13.0
2.177293934681182,23.0
2.1830539715454176,23.0
2.1888140084096537,14.0
2.1945740452738898,-6.0
2.2003340821381254,-17.0
2.2060941190023615,-11.0
2.211854155866597,-5.0
2.2176141927308333,23.0
2.2233742295950694,38.0
2.229134266459305,33.0
2.234894303323541,-5.0
2.240654340187777,-41.0
2.246414377052013,-61.0
2.252174413916249,-45.0
2.2579344507804846,-19.0
2.2636944876447207,-19.0
2.269454524508957,-36.0
2.2752145613731924,-35.0
2.2809745982374285,-21.0
2.2867346351016646,-6.0
2.2924946719659003,-7.0
2.2982547088301364,-8.0
2.3040147456943725,10.0
2.309774782558608,14.0
2.3155348194228442,15.0
2.32129485628708,11.0
2.327054893151316,14.0
2.332814930015552,29.0
2.3385749668797877,46.0
2.344335003744024,59.0
2.35009504060826,63.0
2.3558550774724956,74.0
2.3616151143367317,84.0
2.3673751512009673,85.0
2.3731351880652034,61.0
2.3788952249294395,30.0
2.384655261793675,0.0
2.3904152986579112,-8.0
2.3961753355221473,4.0
2.401935372386383,21.0
2.407695409250619,27.0
2.4134554461148547,29.0
2.419215482979091,31.0
2.424975519843327,46.0
2.4307355567075626,49.0
2.4364955935717987,60.0
2.4422556304360348,50.0
2.4480156673002704,26.0
2.4537757041645065,12.0
2.459535741028742,-4.0
2.4652957778929783,-21.0
2.4710558147572144,-37.0
2.47681585162145,-35.0
2.482575888485686,-23.0
2.488335925349922,6.0
2.494095962214158,34.0
2.499855999078394,45.0
2.50561603594263,36.0
2.5113760728068657,9.0
2.517136109671102,2.0
2.5228961465353374,9.0
2.5286561833995735,34.0
2.5344162202638096,47.0
2.5401762571280453,52.0
2.5459362939922814,30.0
2.5516963308565175,-9.0
2.557456367720753,-39.0
2.5632164045849892,-61.0
2.568976441449225,-57.0
2.574736478313461,-41.0
2.580496515177697,-11.0
2.5862565520419327,-3.0
2.592016588906169,6.0
2.597776625770405,21.0
2.6035366626346406,23.0
2.6092966994988767,39.0
2.6150567363631123,33.0
2.6208167732273484,24.0
2.6265768100915845,9.0
2.63233684695582,11.0
2.6380968838200562,43.0
2.6438569206842923,86.0
2.649616957548528,112.0
2.655376994412764,104.0
2.6611370312769997,59.0
2.666897068141236,-5.0
2.672657105005472,-40.0
2.6784171418697076,-35.0
2.6841771787339437,-21.0
2.6899372155981798,-18.0
2.6956972524624154,-18.0
2.7014572893266515,-22.0
2.7072173261908876,-11.0
2.7129773630551233,10.0
2.7187373999193594,19.0
2.724497436783595,9.0
2.730257473647831,-35.0
2.736017510512067,-71.0
2.741777547376303,-97.0
2.747537584240539,-102.0
2.753297621104775,-83.0
2.7590576579690107,-57.0
2.764817694833247,-16.0
2.7705777316974824,4.0
2.7763377685617185,23.0
2.7820978054259546,17.0
2.7878578422901903,-5.0
2.7936178791544264,-22.0
2.7993779160186625,-25.0
2.805137952882898,-21.0
2.8108979897471342,-30.0
2.81665802661137,-35.0
2.822418063475606,-38.0
2.828178100339842,-30.0
2.8339381372040777,-2.0
2.839698174068314,27.0
2.84545821093255,43.0
2.8512182477967856,35.0
2.8569782846610217,25.0
2.8627383215252578,9.0
2.8684983583894934,-3.0
2.8742583952537295,-5.0
2.880018432117965,-1.0
2.8857784689822013,18.0
2.8915385058464373,28.0
2.897298542710673,40.0
2.903058579574909,51.0
2.908818616439145,66.0
2.914578653303381,68.0
2.920338690167617,58.0
2.9260987270318526,29.0
2.9318587638960887,-1.0
2.9376188007603248,3.0
2.9433788376245604,25.0
2.9491388744887965,31.0
2.9548989113530326,26.0
2.9606589482172683,-13.0
2.9664189850815044,-46.0
2.97217902194574,-61.0
2.977939058809976,-49.0
2.983699095674212,-28.0
2.989459132538448,-11.0
2.995219169402684,14.0
3.00097920626692,28.0
3.0067392431311557,24.0
3.012499279995392,20.0
3.0182593168596275,29.0
3.0240193537238635,32.0
3.0297793905880996,46.0
3.0355394274523353,45.0
3.0412994643165714,47.0
3.0470595011808075,41.0
3.052819538045043,26.0
3.0585795749092792,11.0
3.0643396117735153,-1.0
3.070099648637751,-13.0
3.075859685501987,-21.0
3.0816197223662227,-30.0
3.087379759230459,-45.0
3.093139796094695,-63.0
3.0988998329589306,-76.0
3.1046598698231667,-78.0
3.1104199066874028,-76.0
3.1161799435516384,-64.0
3.1219399804158745,-69.0
3.12770001728011,-82.0
3.1334600541443463,-67.0
3.1392200910085823,-45.0
3.144980127872818,-22.0
3.150740164737054,-14.0
3.15650020160129,-7.0
3.162260238465526,-11.0
3.168020275329762,-18.0
3.1737803121939976,-21.0
3.1795403490582337,4.0
3.18530038592247,19.0
3.1910604227867054,37.0
3.1968204596509415,46.0
3.2025804965151776,55.0
3.2083405333794133,69.0
3.2141005702436494,79.0
3.219860607107885,78.0
3.225620643972121,60.0
3.231380680836357,20.0
3.237140717700593,-19.0
3.242900754564829,-52.0
3.248660791429065,-70.0
3.2544208282933007,-78.0
3.260180865157537,-80.0
3.265940902021773,-90.0
3.2717009388860085,-90.0
3.2774609757502446,-79.0
3.2832210126144803,-57.0
3.2889810494787164,-39.0
3.2947410863429525,-27.0
3.300501123207188,-22.0
3.3062611600714242,-36.0
3.3120211969356603,-33.0
3.317781233799896,-25.0
3.323541270664132,-4.0
3.3293013075283677,10.0
3.335061344392604,24.0
3.34082138125684,42.0
3.3465814181210756,46.0
3.3523414549853117,67.0
3.3581014918495478,83.0
3.3638615287137834,98.0
3.3696215655780195,92.0
3.375381602442255,57.0
3.3811416393064913,22.0
3.3869016761707273,-5.0
3.392661713034963,-8.0
3.398421749899199,-5.0
3.404181786763435,-19.0
3.409941823627671,-52.0
3.415701860491907,-81.0
3.4214618973561426,-86.0
3.4272219342203787,-84.0
3.432981971084615,-57.0
3.4387420079488504,-40.0
3.4445020448130865,-32.0
3.4502620816773226,-34.0
3.4560221185415583,-41.0
3.4617821554057944,-33.0
3.4675421922700305,-34.0
3.473302229134266,-10.0
3.479062265998502,9.0
3.484822302862738,26.0
3.490582339726974,22.0
3.49634237659121,22.0
3.5021024134554457,20.0
3.507862450319682,16.0
3.513622487183918,-5.0
3.5193825240481535,-10.0
3.5251425609123896,-17.0
3.5309025977766253,-7.0
3.5366626346408614,11.0
3.5424226715050975,15.0
3.548182708369333,27.0
3.5539427452335692,36.0
3.5597027820978053,55.0
3.565462818962041,51.0
3.571222855826277,35.0
3.5769828926905127,20.0
3.582742929554749,17.0
3.588502966418985,13.0
3.5942630032832206,5.0
3.6000230401474567,-1.0
3.6057830770116928,6.0
3.6115431138759284,46.0
3.6173031507401645,72.0
3.6230631876044006,70.0
3.6288232244686363,32.0
3.6345832613328724,-11.0
3.640343298197108,-30.0
3.646103335061344,-25.0
3.65186337192558,-1.0
3.657623408789816,18.0
3.663383445654052,31.0
3.669143482518288,20.0
3.6749035193825237,12.0
3.68066355624676,16.0
3.6864235931109954,5.0
3.6921836299752315,-6.0
3.6979436668394676,-14.0
3.7037037037037033,-23.0
3.7094637405679394,-33.0
3.7152237774321755,-30.0
3.720983814296411,-1.0
3.726743851160647,17.0
3.732503888024883,43.0
3.738263924889119,51.0
3.744023961753355,59.0
3.7497839986175907,62.0
3.755544035481827,63.0
3.761304072346063,64.0
3.7670641092102986,50.0
3.7728241460745346,35.0
3.7785841829387703,19.0
3.7843442198030064,7.0
3.7901042566672425,-20.0
3.795864293531478,-31.0
3.8016243303957142,-36.0
3.8073843672599503,-28.0
3.813144404124186,-1.0
3.818904440988422,27.0
3.824664477852658,46.0
3.830424514716894,42.0
3.83618455158113,30.0
3.8419445884453656,8.0
3.8477046253096017,-8.0
3.8534646621738378,-13.0
3.8592246990380734,6.0
3.8649847359023095,37.0
3.8707447727665456,49.0
3.8765048096307813,44.0
3.8822648464950174,19.0
3.888024883359253,3.0
3.893784920223489,5.0
3.899544957087725,28.0
3.905304993951961,45.0
3.911065030816197,39.0
3.916825067680433,21.0
3.9225851045446687,4.0
3.928345141408905,-6.0
3.9341051782731404,-4.0
3.9398652151373765,1.0
3.9456252520016126,-18.0
3.9513852888658483,-41.0
3.9571453257300844,-57.0
3.9629053625943205,-60.0
3.968665399458556,-35.0
3.974425436322792,6.0
3.980185473187028,21.0
3.985945510051264,12.0
3.9917055469155,-3.0
3.9974655837797357,9.0
4.003225620643972,42.0
4.008985657508208,78.0
4.0147456943724436,83.0
4.020505731236679,87.0
4.026265768100916,60.0
4.032025804965151,55.0
4.037785841829387,50.0
4.043545878693624,33.0
4.049305915557859,7.0
4.055065952422095,-17.0
4.060825989286331,-9.0
4.066586026150567,-6.0
4.072346063014803,4.0
4.078106099879039,1.0
4.083866136743275,-7.0
4.089626173607511,-29.0
4.095386210471747,-43.0
4.101146247335983,-47.0
4.106906284200218,-39.0
4.112666321064454,-16.0
4.118426357928691,-4.0
4.124186394792926,-3.0
4.129946431657162,-2.0
4.1357064685213984,6.0
4.141466505385634,26.0
4.14722654224987,34.0
4.152986579114106,26.0
4.158746615978342,2.0
4.164506652842578,-30.0
4.170266689706814,-66.0
4.17602672657105,-78.0
4.181786763435285,-72.0
4.187546800299522,-57.0
4.193306837163758,-35.0
4.199066874027993,-6.0
4.20482691089223,18.0
4.2105869477564655,38.0
4.216346984620701,54.0
4.222107021484937,58.0
4.227867058349173,42.0
4.233627095213409,30.0
4.239387132077645,25.0
4.245147168941881,24.0
4.250907205806117,19.0
4.2566672426703525,17.0
4.262427279534589,18.0
4.268187316398825,41.0
4.27394735326306,73.0
4.279707390127297,98.0
4.2854674269915325,84.0
4.291227463855768,34.0
4.296987500720005,3.0
4.30274753758424,-16.0
4.308507574448476,-35.0
4.314267611312712,-40.0
4.320027648176948,-45.0
4.325787685041184,-24.0
4.3315477219054195,16.0
4.337307758769656,44.0
4.343067795633892,51.0
4.348827832498127,27.0
4.354587869362364,12.0
4.3603479062265995,18.0
4.366107943090835,43.0
4.371867979955072,64.0
4.377628016819307,79.0
4.383388053683543,68.0
4.3891480905477795,44.0
4.394908127412015,26.0
4.400668164276251,21.0
4.406428201140487,12.0
4.412188238004723,11.0
4.417948274868959,6.0
4.423708311733194,-10.0
4.429468348597431,-29.0
4.4352283854616665,-32.0
4.440988422325902,-14.0
4.446748459190139,-7.0
4.452508496054374,10.0
4.45826853291861,6.0
4.464028569782847,4.0
4.469788606647082,3.0
4.475548643511318,12.0
4.481308680375554,26.0
4.48706871723979,17.0
4.492828754104026,7.0
4.498588790968262,-16.0
4.504348827832498,-32.0
4.5101088646967336,-48.0
4.515868901560969,-41.0
4.521628938425206,-39.0
4.527388975289441,-42.0
4.533149012153677,-41.0
4.538909049017914,-26.0
4.544669085882149,7.0
4.550429122746385,27.0
4.556189159610621,61.0
4.561949196474857,57.0
4.567709233339093,53.0
4.573469270203329,33.0
4.579229307067565,20.0
4.584989343931801,1.0
4.590749380796037,-22.0
4.596509417660273,-46.0
4.602269454524508,-71.0
4.608029491388745,-89.0
4.613789528252981,-99.0
4.619549565117216,-76.0
4.625309601981452,-37.0
4.6310696388456885,-6.0
4.636829675709924,21.0
4.64258971257416,1.0
4.648349749438396,-25.0
4.654109786302632,-56.0
4.659869823166868,-69.0
4.665629860031104,-62.0
4.67138989689534,-41.0
4.677149933759575,-6.0
4.682909970623812,22.0
4.688670007488048,28.0
4.694430044352283,4.0
4.70019008121652,-29.0
4.7059501180807555,-62.0
4.711710154944991,-57.0
4.717470191809227,-34.0
4.723230228673463,-11.0
4.728990265537699,-6.0
4.734750302401935,-8.0
4.740510339266171,2.0
4.746270376130407,15.0
4.7520304129946425,21.0
4.757790449858879,22.0
4.763550486723115,-1.0
4.76931052358735,-16.0
4.775070560451587,-33.0
4.7808305973158225,-27.0
4.786590634180058,-23.0
4.792350671044295,0.0
4.79811070790853,33.0
4.803870744772766,58.0
4.8096307816370025,70.0
4.815390818501238,58.0
4.821150855365474,27.0
4.8269108922297095,0.0
4.832670929093946,-13.0
4.838430965958182,-3.0
4.844191002822417,7.0
4.849951039686654,0.0
4.8557110765508895,-4.0
4.861471113415125,-14.0
4.867231150279362,-29.0
4.872991187143597,-26.0
4.878751224007833,0.0
4.8845112608720695,36.0
4.890271297736305,48.0
4.896031334600541,50.0
4.901791371464777,49.0
4.907551408329013,55.0
4.913311445193249,59.0
4.919071482057484,68.0
4.924831518921721,58.0
4.9305915557859565,54.0
4.936351592650192,46.0
4.942111629514429,43.0
4.947871666378664,47.0
4.9536317032429,55.0
4.959391740107137,67.0
4.965151776971372,68.0
4.970911813835608,53.0
4.976671850699844,54.0
4.98243188756408,32.0
4.988191924428316,18.0
4.993951961292552,1.0
4.999711998156788,-2.0
5.005472035021024,-13.0
5.01123207188526,-32.0
5.016992108749496,-55.0
5.022752145613731,-73.0
5.028512182477967,-79.0
5.034272219342204,-66.0
5.040032256206439,-39.0
5.045792293070675,-25.0
5.051552329934911,-13.0
5.057312366799147,-19.0
5.063072403663383,-29.0
5.068832440527619,-37.0
5.074592477391855,-40.0
5.080352514256091,-47.0
5.086112551120327,-60.0
5.091872587984563,-73.0
5.097632624848798,-61.0
5.103392661713035,-37.0
5.109152698577271,-14.0
5.114912735441506,-9.0
5.120672772305742,-12.0
5.1264328091699785,-28.0
5.132192846034214,-37.0
5.13795288289845,-41.0
5.143712919762686,-39.0
5.149472956626922,-37.0
5.155232993491158,-41.0
5.160993030355394,-52.0
5.16675306721963,-65.0
5.172513104083865,-57.0
5.178273140948102,-25.0
5.184033177812338,0.0
5.189793214676573,10.0
5.19555325154081,0.0
5.2013132884050455,-6.0
5.207073325269281,-5.0
5.212833362133518,15.0
5.218593398997753,22.0
5.224353435861989,43.0
5.230113472726225,41.0
5.235873509590461,46.0
5.241633546454697,43.0
5.2473935833189325,30.0
5.253153620183169,13.0
5.258913657047405,-3.0
5.26467369391164,-4.0
5.270433730775877,3.0
5.2761937676401125,22.0
5.281953804504348,34.0
5.287713841368585,32.0
5.29347387823282,41.0
5.299233915097056,67.0
5.3049939519612925,97.0
5.310753988825528,111.0
5.316514025689764,114.0
5.3222740625539995,100.0
5.328034099418236,68.0
5.333794136282472,40.0
5.339554173146707,20.0
5.345314210010944,14.0
5.3510742468751795,9.0
5.356834283739415,12.0
5.362594320603652,1.0
5.368354357467887,-13.0
5.374114394332123,-24.0
5.3798744311963596,-27.0
5.385634468060595,-27.0
5.391394504924831,-5.0
5.397154541789067,15.0
5.402914578653303,34.0
5.408674615517539,32.0
5.414434652381775,27.0
5.420194689246011,15.0
5.4259547261102465,-4.0
5.431714762974482,-7.0
5.437474799838719,-5.0
5.443234836702954,2.0
5.44899487356719,-7.0
5.454754910431427,-29.0
5.460514947295662,-47.0
5.466274984159898,-57.0
5.472035021024134,-31.0
5.47779505788837,-1.0
5.483555094752606,31.0
5.489315131616842,23.0
5.495075168481078,13.0
5.500835205345314,2.0
5.50659524220955,7.0
5.512355279073786,13.0
5.518115315938021,7.0
5.523875352802258,-18.0
5.529635389666494,-46.0
5.535395426530729,-54.0
5.541155463394965,-25.0
5.546915500259201,13.0
5.552675537123437,55.0
5.558435573987673,70.0
5.564195610851909,71.0
5.569955647716145,70.0
5.575715684580381,86.0
5.581475721444617,102.0
5.587235758308853,96.0
5.592995795173088,67.0
5.598755832037325,45.0
5.604515868901561,27.0
5.610275905765796,20.0
5.616035942630033,26.0
5.6217959794942685,10.0
5.627556016358504,-6.0
5.63331605322274,1.0
5.639076090086976,29.0
5.644836126951212,68.0
5.650596163815448,81.0
5.656356200679684,63.0
5.66211623754392,35.0
5.6678762744081554,16.0
5.673636311272392,27.0
5.679396348136628,43.0
5.685156385000863,32.0
5.6909164218651,5.0
5.6966764587293355,-23.0
5.702436495593571,-40.0
5.708196532457808,-39.0
5.713956569322043,-31.0
5.719716606186279,-18.0
5.7254766430505155,-15.0
5.731236679914751,-12.0
5.736996716778987,15.0
5.7427567536432225,40.0
5.748516790507459,49.0
5.754276827371695,45.0
5.76003686423593,31.0
5.765796901100167,28.0
5.7715569379644025,43.0
5.777316974828638,65.0
5.783077011692875,61.0
5.78883704855711,23.0
5.794597085421346,-9.0
5.8003571222855825,-20.0
5.806117159149818,-16.0
5.811877196014054,-7.0
5.81763723287829,-8.0
5.823397269742526,-30.0
5.829157306606762,-59.0
5.834917343470997,-79.0
5.840677380335234,-66.0
5.8464374171994695,-34.0
5.852197454063705,12.0
5.857957490927942,27.0
5.863717527792177,25.0
5.869477564656413,0.0
5.8752376015206496,-4.0
5.880997638384885,10.0
5.886757675249121,14.0
5.892517712113357,4.0
5.898277748977593,4.0
5.904037785841829,-6.0
5.909797822706065,-6.0
5.915557859570301,-9.0
5.9213178964345365,-3.0
5.927077933298773,9.0
5.932837970163009,16.0
5.938598007027244,16.0
5.94435804389148,10.0
5.950118080755717,7.0
5.955878117619952,18.0
5.961638154484188,29.0
5.967398191348424,48.0
5.97315822821266,60.0
5.978918265076896,81.0
5.984678301941132,89.0
5.990438338805368,64.0
5.996198375669604,36.0
6.00195841253384,-2.0
6.007718449398076,-28.0
6.013478486262311,-46.0
6.019238523126548,-45.0
6.024998559990784,-44.0
6.030758596855019,-34.0
6.036518633719255,-3.0
6.042278670583491,9.0
6.048038707447727,24.0
6.053798744311963,9.0
6.059558781176199,-2.0
6.065318818040435,-21.0
6.071078854904671,-28.0
6.076838891768907,-16.0
6.082598928633143,4.0
6.088358965497378,16.0
6.094119002361615,15.0
6.099879039225851,13.0
6.105639076090086,9.0
6.111399112954323,20.0
6.1171591498185585,37.0
6.122919186682794,48.0
6.128679223547031,53.0
6.134439260411266,59.0
6.140199297275502,55.0
6.145959334139738,50.0
6.151719371003974,53.0
6.15747940786821,74.0
6.1632394447324454,74.0
6.168999481596682,60.0
6.174759518460918,34.0
6.180519555325153,17.0
6.18627959218939,-4.0
6.1920396290536255,9.0
6.197799665917861,34.0
6.203559702782098,62.0
6.209319739646333,76.0
6.215079776510569,76.0
6.2208398133748055,85.0
6.226599850239041,90.0
6.232359887103277,95.0
6.2381199239675125,107.0
6.243879960831749,93.0
6.249639997695985,58.0
6.25540003456022,13.0
6.261160071424457,-31.0
6.2669201082886925,-48.0
6.272680145152928,-49.0
6.278440182017165,-35.0
6.2842002188814,-25.0
6.289960255745636,-34.0
6.2957202926098725,-25.0
6.301480329474108,-20.0
6.307240366338344,-2.0
6.31300040320258,30.0
6.318760440066816,50.0
6.324520476931052,54.0
6.330280513795288,27.0
6.336040550659524,3.0
6.3418005875237595,-13.0
6.347560624387995,-19.0
6.353320661252232,-8.0
6.359080698116467,-5.0
6.364840734980703,-9.0
6.37060077184494,-23.0
6.376360808709175,-22.0
6.382120845573411,-21.0
6.387880882437647,-24.0
6.393640919301883,-22.0
6.399400956166119,-16.0
6.405160993030355,-8.0
6.410921029894591,-13.0
6.4166810667588265,-14.0
6.422441103623063,-27.0
6.428201140487299,-26.0
6.433961177351534,-17.0
6.43972121421577,17.0
6.445481251080007,34.0
6.451241287944242,48.0
6.457001324808478,30.0
6.462761361672714,1.0
6.46852139853695,-28.0
6.474281435401186,-37.0
6.480041472265422,-23.0
6.485801509129658,-14.0
6.491561545993894,-21.0
6.49732158285813,-36.0
6.503081619722366,-57.0
6.508841656586601,-71.0
6.514601693450838,-85.0
6.520361730315074,-93.0
6.526121767179309,-95.0
6.531881804043546,-80.0
6.537641840907781,-55.0
6.543401877772017,-45.0
6.549161914636253,-24.0
6.554921951500489,-13.0
6.560681988364725,11.0
6.566442025228961,17.0
6.572202062093197,15.0
6.577962098957433,-9.0
6.583722135821668,-55.0
6.589482172685905,-104.0
6.595242209550141,-129.0
6.601002246414376,-128.0
6.606762283278613,-101.0
6.6125223201428485,-66.0
6.618282357007084,-13.0
6.624042393871321,15.0
6.629802430735556,28.0
6.635562467599792,27.0
6.641322504464028,2.0
6.647082541328264,-29.0
6.6528425781925,-70.0
6.6586026150567355,-90.0
6.664362651920972,-87.0
6.670122688785208,-65.0
6.675882725649443,-40.0
6.68164276251368,-23.0
6.6874027993779155,-25.0
6.693162836242151,-18.0
6.698922873106388,-12.0
6.704682909970623,8.0
6.710442946834859,-6.0
6.7162029836990955,-21.0
6.721963020563331,-54.0
6.727723057427567,-60.0
6.733483094291803,-50.0
6.739243131156039,-29.0
6.745003168020275,-18.0
6.75076320488451,-15.0
6.756523241748747,2.0
6.7622832786129825,8.0
6.768043315477218,23.0
6.773803352341455,47.0
6.77956338920569,68.0
6.785323426069926,87.0
6.7910834629341625,87.0
6.796843499798398,86.0
6.802603536662634,68.0
6.80836357352687,35.0
6.814123610391106,7.0
6.819883647255342,13.0
6.825643684119578,12.0
6.831403720983814,16.0
6.8371637578480495,13.0
6.842923794712285,13.0
6.848683831576522,21.0
6.854443868440757,30.0
6.860203905304993,33.0
6.86596394216923,26.0
6.871723979033465,27.0
6.877484015897701,26.0
6.883244052761937,22.0
6.889004089626173,6.0
6.894764126490409,1.0
6.900524163354645,-4.0
6.906284200218881,-11.0
6.9120442370831165,-1.0
6.917804273947353,29.0
6.923564310811589,79.0
6.929324347675824,115.0
6.935084384540061,126.0
6.940844421404297,117.0
6.946604458268532,95.0
6.952364495132768,62.0
6.958124531997004,40.0
6.96388456886124,13.0
6.969644605725476,3.0
6.975404642589712,17.0
6.981164679453948,28.0
6.986924716318184,23.0
6.99268475318242,17.0
6.998444790046656,19.0
7.004204826910891,27.0
7.009964863775128,30.0
7.015724900639364,32.0
7.021484937503599,33.0
7.027244974367836,34.0
7.0330050112320714,48.0
7.038765048096307,48.0
7.044525084960544,30.0
7.050285121824779,6.0
7.056045158689015,-6.0
7.061805195553251,-1.0
7.067565232417487,25.0
7.073325269281723,50.0
7.079085306145958,64.0
7.084845343010195,49.0
7.090605379874431,19.0
7.096365416738666,10.0
7.102125453602903,3.0
7.1078854904671385,16.0
7.113645527331374,18.0
7.119405564195611,36.0
7.125165601059846,51.0
7.130925637924082,67.0
7.1366856747883185,88.0
7.142445711652554,88.0
7.14820574851679,70.0
7.1539657853810255,37.0
7.159725822245262,2.0
7.165485859109498,-23.0
7.171245895973733,-36.0
7.17700593283797,-34.0
7.1827659697022055,-39.0
7.188526006566441,-43.0
7.194286043430678,-34.0
7.200046080294913,-5.0
7.205806117159149,22.0
7.2115661540233855,37.0
7.217326190887621,36.0
7.223086227751857,11.0
7.228846264616093,-22.0
7.234606301480329,-25.0
7.240366338344565,-11.0
7.246126375208801,1.0
7.251886412073037,9.0
7.2576464489372725,19.0
7.263406485801508,32.0
7.269166522665745,23.0
7.27492655952998,-1.0
7.280686596394216,-35.0
7.2864466332584525,-79.0
7.292206670122688,-86.0
7.297966706986924,-71.0
7.30372674385116,-29.0
7.309486780715396,19.0
7.315246817579632,67.0
7.321006854443868,94.0
7.326766891308104,93.0
7.3325269281723395,62.0
7.338286965036576,25.0
7.344047001900812,-18.0
7.349807038765047,-49.0
7.355567075629283,-56.0
7.36132711249352,-58.0
7.367087149357755,-51.0
7.372847186221991,-43.0
7.378607223086227,-29.0
7.384367259950463,-17.0
7.390127296814699,-25.0
7.395887333678935,-37.0
7.401647370543171,-52.0
7.4074074074074066,-65.0
7.413167444271643,-74.0
7.418927481135879,-76.0
7.424687518000114,-83.0
7.430447554864351,-81.0
7.436207591728587,-66.0
7.441967628592822,-41.0
7.447727665457059,-24.0
7.453487702321294,-7.0
7.45924773918553,-6.0
7.465007776049766,-15.0
7.470767812914002,-17.0
7.476527849778238,-16.0
7.482287886642474,-6.0
7.48804792350671,-11.0
7.493807960370946,2.0
7.499567997235181,18.0
7.505328034099418,9.0
7.511088070963654,-5.0
7.516848107827889,-7.0
7.522608144692126,0.0
7.5283681815563614,29.0
7.534128218420597,48.0
7.539888255284834,62.0
7.545648292149069,68.0
7.551408329013305,70.0
7.557168365877541,67.0
7.562928402741777,59.0
7.568688439606013,50.0
7.574448476470248,40.0
7.580208513334485,47.0
7.585968550198721,38.0
7.591728587062956,36.0
7.597488623927193,40.0
7.6032486607914285,31.0
7.609008697655664,34.0
7.614768734519901,32.0
7.620528771384136,48.0
7.626288808248372,45.0
7.6320488451126085,48.0
7.637808881976844,31.0
7.64356891884108,-4.0
7.649328955705316,-43.0
7.655088992569552,-53.0
7.660849029433788,-38.0
7.666609066298023,-18.0
7.67236910316226,0.0
7.6781291400264955,1.0
7.683889176890731,-4.0
7.689649213754968,-26.0
7.695409250619203,-30.0
7.701169287483439,-36.0
7.7069293243476755,-44.0
7.712689361211911,-46.0
7.718449398076147,-45.0
7.724209434940383,-34.0
7.729969471804619,-12.0
7.735729508668855,19.0
7.741489545533091,51.0
7.747249582397327,46.0
7.7530096192615625,27.0
7.758769656125798,3.0
7.764529692990035,-4.0
7.77028972985427,0.0
7.776049766718506,25.0
7.7818098035827425,26.0
7.787569840446978,22.0
7.793329877311214,-1.0
7.79908991417545,-24.0
7.804849951039686,-53.0
7.810609987903922,-56.0
7.816370024768158,-36.0
7.822130061632394,-11.0
7.8278900984966295,3.0
7.833650135360866,-1.0
7.839410172225102,-6.0
7.845170209089337,-8.0
7.850930245953574,-18.0
7.85669028281781,-22.0
7.862450319682045,-32.0
7.868210356546281,-44.0
7.873970393410517,-63.0
7.879730430274753,-39.0
7.885490467138989,-39.0
7.891250504003225,-27.0
7.897010540867461,-28.0
7.9027705777316966,-19.0
7.908530614595933,-4.0
7.914290651460169,31.0
7.920050688324404,49.0
7.925810725188641,34.0
7.931570762052877,8.0
7.937330798917112,-20.0
7.943090835781349,-29.0
7.948850872645584,-36.0
7.95461090950982,-41.0
7.960370946374056,-35.0
7.966130983238292,-20.0
7.971891020102528,18.0
7.977651056966764,49.0
7.983411093831,59.0
7.989171130695236,35.0
7.994931167559471,17.0
8.000691204423708,17.0
8.006451241287944,0.0
8.01221127815218,-3.0
8.017971315016416,-13.0
8.02373135188065,-20.0
8.029491388744887,-16.0
8.035251425609124,-2.0
8.041011462473358,-5.0
8.046771499337595,-12.0
8.052531536201831,-1.0
8.058291573066066,6.0
8.064051609930303,19.0
8.06981164679454,9.0
8.075571683658774,8.0
8.08133172052301,-1.0
8.087091757387247,-10.0
8.092851794251482,-26.0
8.098611831115718,-22.0
8.104371867979955,-35.0
8.11013190484419,-50.0
8.115891941708426,-67.0
8.121651978572663,-85.0
8.127412015436898,-74.0
8.133172052301134,-55.0
8.13893208916537,-21.0
8.144692126029605,-7.0
8.150452162893842,-4.0
8.156212199758079,4.0
8.161972236622313,8.0
8.16773227348655,7.0
8.173492310350786,-13.0
8.179252347215021,-30.0
8.185012384079258,-46.0
8.190772420943494,-51.0
8.196532457807729,-51.0
8.202292494671966,-58.0
8.208052531536202,-67.0
8.213812568400437,-64.0
8.219572605264673,-34.0
8.225332642128908,-5.0
8.231092678993145,23.0
8.236852715857381,25.0
8.242612752721616,-5.0
8.248372789585853,-45.0
8.254132826450089,-81.0
8.259892863314324,-83.0
8.26565290017856,-100.0
8.271412937042797,-88.0
8.277172973907032,-84.0
8.282933010771268,-68.0
8.288693047635505,-43.0
8.29445308449974,-16.0
8.300213121363976,36.0
8.305973158228213,57.0
8.311733195092447,68.0
8.317493231956684,58.0
8.32325326882092,35.0
8.329013305685155,7.0
8.334773342549392,-16.0
8.340533379413628,-31.0
8.346293416277863,-45.0
8.3520534531421,-59.0
8.357813490006336,-72.0
8.36357352687057,-73.0
8.369333563734807,-65.0
8.375093600599044,-38.0
8.380853637463279,-21.0
8.386613674327515,-40.0
8.392373711191752,-52.0
8.398133748055987,-59.0
8.403893784920223,-62.0
8.40965382178446,-57.0
8.415413858648694,-58.0
8.421173895512931,-75.0
8.426933932377166,-101.0
8.432693969241402,-135.0
8.438454006105639,-141.0
8.444214042969874,-123.0
8.44997407983411,-87.0
8.455734116698347,-33.0
8.461494153562581,5.0
8.467254190426818,29.0
8.473014227291054,30.0
8.47877426415529,21.0
8.484534301019526,11.0
8.490294337883762,2.0
8.496054374747997,12.0
8.501814411612234,-1.0
8.50757444847647,-28.0
8.513334485340705,-48.0
8.519094522204941,-63.0
8.524854559069178,-74.0
8.530614595933413,-64.0
8.53637463279765,-35.0
8.542134669661886,-10.0
8.54789470652612,0.0
8.553654743390357,8.0
8.559414780254594,13.0
8.565174817118828,5.0
8.570934853983065,-21.0
8.576694890847302,-37.0
8.582454927711536,-55.0
8.588214964575773,-72.0
8.59397500144001,-77.0
8.599735038304244,-76.0
8.60549507516848,-74.0
8.611255112032717,-54.0
8.617015148896952,-57.0
8.622775185761189,-43.0
8.628535222625423,-39.0
8.63429525948966,-26.0
8.640055296353896,-32.0
8.645815333218131,-31.0
8.651575370082368,-17.0
8.657335406946604,20.0
8.663095443810839,41.0
8.668855480675075,49.0
8.674615517539312,36.0
8.680375554403547,29.0
8.686135591267783,12.0
8.69189562813202,12.0
8.697655664996255,18.0
8.703415701860491,27.0
8.709175738724728,30.0
8.714935775588962,29.0
8.720695812453199,19.0
8.726455849317436,20.0
8.73221588618167,29.0
8.737975923045907,36.0
8.743735959910143,10.0
8.749495996774378,-43.0
8.755256033638615,-91.0
8.761016070502851,-122.0
8.766776107367086,-113.0
8.772536144231323,-91.0
8.778296181095559,-61.0
8.784056217959794,-44.0
8.78981625482403,-52.0
8.795576291688267,-52.0
8.801336328552502,-50.0
8.807096365416738,-43.0
8.812856402280975,-43.0
8.81861643914521,-43.0
8.824376476009446,-41.0
8.83013651287368,-53.0
8.835896549737917,-69.0
8.841656586602154,-93.0
8.847416623466389,-97.0
8.853176660330625,-58.0
8.858936697194862,15.0
8.864696734059097,59.0
8.870456770923333,77.0
8.87621680778757,54.0
8.881976844651804,20.0
8.887736881516041,-2.0
8.893496918380277,1.0
8.899256955244512,31.0
8.905016992108749,37.0
8.910777028972985,36.0
8.91653706583722,25.0
8.922297102701457,27.0
8.928057139565693,24.0
8.933817176429928,16.0
8.939577213294164,1.0
8.945337250158401,2.0
8.951097287022636,34.0
8.956857323886872,73.0
8.962617360751109,82.0
8.968377397615344,71.0
8.97413743447958,38.0
8.979897471343817,36.0
8.985657508208051,27.0
8.991417545072288,38.0
8.997177581936525,41.0
9.00293761880076,20.0
9.008697655664996,-11.0
9.014457692529232,-46.0
9.020217729393467,-51.0
9.025977766257704,-58.0
9.031737803121938,-52.0
9.037497839986175,-34.0
9.043257876850411,-10.0
9.049017913714646,12.0
9.054777950578883,14.0
9.06053798744312,4.0
9.066298024307354,-13.0
9.07205806117159,-13.0
9.077818098035827,1.0
9.083578134900062,0.0
9.089338171764298,-13.0
9.095098208628535,-25.0
9.10085824549277,-23.0
9.106618282357006,-27.0
9.112378319221243,-29.0
9.118138356085478,-30.0
9.123898392949714,-9.0
9.12965842981395,-8.0
9.135418466678185,6.0
9.141178503542422,-3.0
9.146938540406659,-13.0
9.152698577270893,-9.0
9.15845861413513,-9.0
9.164218650999366,-11.0
9.169978687863601,-31.0
9.175738724727838,-33.0
9.181498761592074,-35.0
9.187258798456309,-23.0
9.193018835320546,-6.0
9.198778872184782,12.0
9.204538909049017,6.0
9.210298945913253,-11.0
9.21605898277749,-16.0
9.221819019641725,-20.0
9.227579056505961,-6.0
9.233339093370196,8.0
9.239099130234433,25.0
9.244859167098669,28.0
9.250619203962904,11.0
9.25637924082714,-7.0
9.262139277691377,-17.0
9.267899314555612,-18.0
9.273659351419848,-17.0
9.279419388284085,-9.0
9.28517942514832,-15.0
9.290939462012556,-7.0
9.296699498876793,8.0
9.302459535741027,14.0
9.308219572605264,28.0
9.3139796094695,42.0
9.319739646333735,78.0
9.325499683197972,81.0
9.331259720062208,74.0
9.337019756926443,39.0
9.34277979379068,8.0
9.348539830654916,-14.0
9.35429986751915,-17.0
9.360059904383387,-29.0
9.365819941247624,-37.0
9.371579978111859,-39.0
9.377340014976095,-35.0
9.383100051840332,-23.0
9.388860088704567,-21.0
9.394620125568803,-23.0
9.40038016243304,-16.0
9.406140199297274,-11.0
9.411900236161511,8.0
9.417660273025747,22.0
9.423420309889982,25.0
9.429180346754219,26.0
9.434940383618454,26.0
9.44070042048269,22.0
9.446460457346927,10.0
9.452220494211161,-10.0
9.457980531075398,-21.0
9.463740567939634,-10.0
9.46950060480387,3.0
9.475260641668106,18.0
9.481020678532342,27.0
9.486780715396577,37.0
9.492540752260814,68.0
9.49830078912505,88.0
9.504060825989285,93.0
9.509820862853521,77.0
9.515580899717758,54.0
9.521340936581993,17.0
9.52710097344623,-14.0
9.532861010310466,-9.0
9.5386210471747,29.0
9.544381084038937,63.0
9.550141120903174,60.0
9.555901157767408,48.0
9.561661194631645,37.0
9.567421231495882,46.0
9.573181268360116,80.0
9.578941305224353,122.0
9.58470134208859,142.0
9.590461378952824,118.0
9.59622141581706,89.0
9.601981452681297,42.0
9.607741489545532,28.0
9.613501526409769,28.0
9.619261563274005,52.0
9.62502160013824,65.0
9.630781637002476,83.0
9.636541673866711,91.0
9.642301710730948,104.0
9.648061747595184,120.0
9.653821784459419,123.0
9.659581821323656,129.0
9.665341858187892,114.0
9.671101895052127,114.0
9.676861931916363,116.0
9.6826219687806,106.0
9.688382005644835,92.0
9.694142042509071,73.0
9.699902079373308,65.0
9.705662116237542,43.0
9.711422153101779,31.0
9.717182189966016,35.0
9.72294222683025,47.0
9.728702263694487,60.0
9.734462300558723,71.0
9.740222337422958,84.0
9.745982374287195,80.0
9.751742411151431,78.0
9.757502448015666,80.0
9.763262484879903,78.0
9.769022521744139,69.0
9.774782558608374,73.0
9.78054259547261,63.0
9.786302632336847,57.0
9.792062669201082,50.0
9.797822706065318,44.0
9.803582742929555,41.0
9.80934277979379,44.0
9.815102816658026,44.0
9.820862853522263,48.0
9.826622890386497,28.0
9.832382927250734,11.0
9.838142964114969,9.0
9.843903000979205,20.0
9.849663037843442,32.0
9.855423074707677,44.0
9.861183111571913,45.0
9.86694314843615,43.0
9.872703185300384,57.0
9.878463222164621,74.0
9.884223259028857,68.0
9.889983295893092,57.0
9.895743332757329,55.0
9.901503369621565,63.0
9.9072634064858,63.0
9.913023443350037,44.0
9.918783480214273,13.0
9.924543517078508,-7.0
9.930303553942744,-12.0
9.936063590806981,15.0
9.941823627671216,45.0
9.947583664535452,61.0
9.953343701399689,62.0
9.959103738263924,54.0
9.96486377512816,46.0
9.970623811992397,50.0
9.976383848856631,57.0
9.982143885720868,64.0
9.987903922585105,55.0
9.99366395944934,27.0
9.999423996313576,-7.0
10.005184033177812,-30.0
10.010944070042047,-23.0
10.016704106906284,-1.0
10.02246414377052,9.0
10.028224180634755,-8.0
10.033984217498991,-20.0
10.039744254363226,-23.0
10.045504291227463,-22.0
10.0512643280917,-16.0
10.057024364955934,-3.0
10.06278440182017,6.0
10.068544438684407,19.0
10.074304475548642,24.0
10.080064512412878,31.0
10.085824549277115,39.0
10.09158458614135,39.0
10.097344623005586,41.0
10.103104659869823,22.0
10.108864696734058,-8.0
10.114624733598294,-20.0
10.12038477046253,-11.0
10.126144807326765,9.0
10.131904844191002,32.0
10.137664881055239,40.0
10.143424917919473,36.0
10.14918495478371,31.0
10.154944991647946,25.0
10.160705028512181,16.0
10.166465065376418,-10.0
10.172225102240654,-19.0
10.177985139104889,-20.0
10.183745175969126,-21.0
10.189505212833362,-22.0
10.195265249697597,-4.0
10.201025286561833,8.0
10.20678532342607,15.0
10.212545360290305,1.0
10.218305397154541,-13.0
10.224065434018778,-24.0
10.229825470883013,-25.0
10.235585507747249,-14.0
10.241345544611484,-14.0
10.24710558147572,-15.0
10.252865618339957,-14.0
10.258625655204192,7.0
10.264385692068428,17.0
10.270145728932665,18.0
10.2759057657969,22.0
10.281665802661136,32.0
10.287425839525373,37.0
10.293185876389607,44.0
10.298945913253844,33.0
10.30470595011808,18.0
10.310465986982315,13.0
10.316226023846552,24.0
10.321986060710788,33.0
10.327746097575023,39.0
10.33350613443926,31.0
10.339266171303496,22.0
10.34502620816773,-7.0
10.350786245031967,-27.0
10.356546281896204,-25.0
10.362306318760439,-1.0
10.368066355624675,30.0
10.373826392488912,38.0
10.379586429353147,25.0
10.385346466217383,-14.0
10.39110650308162,-46.0
10.396866539945854,-47.0
10.402626576810091,-32.0
10.408386613674327,-3.0
10.414146650538562,6.0
10.419906687402799,14.0
10.425666724267035,-5.0
10.43142676113127,-16.0
10.437186797995507,-16.0
10.442946834859741,-8.0
10.448706871723978,2.0
10.454466908588214,31.0
10.46022694545245,44.0
10.465986982316686,40.0
10.471747019180922,37.0
10.477507056045157,14.0
10.483267092909394,-17.0
10.48902712977363,-69.0
10.494787166637865,-85.0
10.500547203502101,-59.0
10.506307240366338,-15.0
10.512067277230573,27.0
10.51782731409481,37.0
10.523587350959046,27.0
10.52934738782328,12.0
10.535107424687517,16.0
10.540867461551754,18.0
10.546627498415988,25.0
10.552387535280225,24.0
10.558147572144462,19.0
10.563907609008696,20.0
10.569667645872933,2.0
10.57542768273717,8.0
10.581187719601404,8.0
10.58694775646564,5.0
10.592707793329877,-7.0
10.598467830194112,-17.0
10.604227867058349,-21.0
10.609987903922585,-2.0
10.61574794078682,26.0
10.621507977651056,42.0
10.627268014515293,36.0
10.633028051379528,21.0
10.638788088243764,20.0
10.644548125107999,8.0
10.650308161972236,6.0
10.656068198836472,4.0
10.661828235700707,5.0
10.667588272564943,-1.0
10.67334830942918,-22.0
10.679108346293415,-36.0
10.684868383157651,-37.0
10.690628420021888,-22.0
10.696388456886122,-5.0
10.702148493750359,7.0
10.707908530614596,22.0
10.71366856747883,49.0
10.719428604343067,81.0
10.725188641207303,96.0
10.730948678071538,102.0
10.736708714935775,99.0
10.742468751800011,81.0
10.748228788664246,52.0
10.753988825528483,32.0
10.759748862392719,24.0
10.765508899256954,16.0
10.77126893612119,11.0
10.777028972985427,-3.0
10.782789009849662,-18.0
10.788549046713898,-35.0
10.794309083578135,-46.0
10.80006912044237,-23.0
10.805829157306606,-20.0
10.811589194170843,-4.0
10.817349231035077,-3.0
10.823109267899314,-12.0
10.82886930476355,-30.0
10.834629341627785,-46.0
10.840389378492022,-54.0
10.846149415356257,-37.0
10.851909452220493,-18.0
10.85766948908473,9.0
10.863429525948964,32.0
10.869189562813201,55.0
10.874949599677437,76.0
10.880709636541672,81.0
10.886469673405909,71.0
10.892229710270145,55.0
10.89798974713438,54.0
10.903749783998617,61.0
10.909509820862853,56.0
10.915269857727088,61.0
10.921029894591324,57.0
10.926789931455561,68.0
10.932549968319796,82.0
10.938310005184032,79.0
10.944070042048269,74.0
10.949830078912504,63.0
10.95559011577674,75.0
10.961350152640977,76.0
10.967110189505211,61.0
10.972870226369448,49.0
10.978630263233685,33.0
10.98439030009792,30.0
10.990150336962156,29.0
10.995910373826392,32.0
11.001670410690627,25.0
11.007430447554864,10.0
11.0131904844191,-20.0
11.018950521283335,-26.0
11.024710558147572,-21.0
11.030470595011808,2.0
11.036230631876043,13.0
11.04199066874028,14.0
11.047750705604516,-7.0
11.05351074246875,-27.0
11.059270779332987,-24.0
11.065030816197222,-16.0
11.070790853061458,-5.0
11.076550889925695,3.0
11.08231092678993,-7.0
11.088070963654166,-22.0
11.093831000518403,-35.0
11.099591037382638,-48.0
11.105351074246874,-65.0
11.11111111111111,-67.0
11.116871147975345,-58.0
11.122631184839582,-36.0
11.128391221703819,-25.0
11.134151258568053,12.0
11.13991129543229,28.0
11.145671332296526,37.0
11.151431369160761,31.0
11.157191406024998,28.0
11.162951442889234,24.0
11.168711479753469,20.0
11.174471516617706,35.0
11.180231553481942,47.0
11.185991590346177,51.0
11.191751627210413,45.0
11.19751166407465,31.0
11.203271700938885,14.0
11.209031737803121,0.0
11.214791774667358,-17.0
11.220551811531593,-32.0
11.226311848395829,-61.0
11.232071885260066,-88.0
11.2378319221243,-80.0
11.243591958988537,-55.0
11.249351995852773,-30.0
11.255112032717008,-13.0
11.260872069581245,-21.0
11.26663210644548,-42.0
11.272392143309716,-48.0
11.278152180173953,-36.0
11.283912217038187,-1.0
11.289672253902424,9.0
11.29543229076666,16.0
11.301192327630895,0.0
11.306952364495132,-18.0
11.312712401359368,-22.0
11.318472438223603,-35.0
11.32423247508784,-56.0
11.329992511952076,-66.0
11.335752548816311,-55.0
11.341512585680547,-60.0
11.347272622544784,-81.0
11.353032659409019,-99.0
11.358792696273255,-97.0
11.364552733137492,-81.0
11.370312770001727,-50.0
11.376072806865963,-47.0
11.3818328437302,-50.0
11.387592880594434,-57.0
11.393352917458671,-44.0
11.399112954322907,-28.0
11.404872991187142,-7.0
11.410633028051379,4.0
11.416393064915615,-1.0
11.42215310177985,-11.0
11.427913138644087,-14.0
11.433673175508323,-2.0
11.439433212372558,18.0
11.445193249236794,5.0
11.450953286101031,-17.0
11.456713322965266,-20.0
11.462473359829502,-3.0
11.468233396693737,22.0
11.473993433557974,34.0
11.47975347042221,25.0
11.485513507286445,-7.0
11.491273544150681,-26.0
11.497033581014918,-14.0
11.502793617879153,7.0
11.50855365474339,18.0
11.514313691607626,13.0
11.52007372847186,1.0
11.525833765336097,-17.0
11.531593802200334,-17.0
11.537353839064568,-3.0
11.543113875928805,6.0
11.548873912793042,-2.0
11.554633949657276,-6.0
11.560393986521513,-13.0
11.56615402338575,3.0
11.571914060249984,29.0
11.57767409711422,41.0
11.583434133978457,41.0
11.589194170842692,35.0
11.594954207706929,51.0
11.600714244571165,65.0
11.6064742814354,70.0
11.612234318299636,55.0
11.617994355163873,30.0
11.623754392028108,4.0
11.629514428892344,-18.0
11.63527446575658,-29.0
11.641034502620816,-44.0
11.646794539485052,-59.0
11.652554576349289,-51.0
11.658314613213523,-14.0
11.66407465007776,21.0
11.669834686941995,50.0
11.675594723806231,49.0
11.681354760670468,34.0
11.687114797534703,3.0
11.692874834398939,-11.0
11.698634871263176,9.0
11.70439490812741,18.0
11.710154944991647,30.0
11.715914981855883,8.0
11.721675018720118,-31.0
11.727435055584355,-71.0
11.733195092448591,-93.0
11.738955129312826,-84.0
11.744715166177063,-71.0
11.750475203041299,-45.0
11.756235239905534,-11.0
11.76199527676977,17.0
11.767755313634007,32.0
11.773515350498242,33.0
11.779275387362478,20.0
11.785035424226715,3.0
11.79079546109095,-1.0
11.796555497955186,-8.0
11.802315534819423,-2.0
11.808075571683657,2.0
11.813835608547894,14.0
11.81959564541213,21.0
11.825355682276365,13.0
11.831115719140602,17.0
11.836875756004838,20.0
11.842635792869073,17.0
11.84839582973331,0.0
11.854155866597546,-1.0
11.859915903461781,15.0
11.865675940326017,19.0
11.871435977190252,5.0
11.877196014054489,-35.0
11.882956050918725,-70.0
11.88871608778296,-70.0
11.894476124647197,-35.0
11.900236161511433,19.0
11.905996198375668,49.0
11.911756235239904,43.0
11.917516272104141,18.0
11.923276308968376,-10.0
11.929036345832612,-35.0
11.934796382696849,-41.0
11.940556419561084,-49.0
11.94631645642532,-59.0
11.952076493289557,-63.0
11.957836530153791,-60.0
11.963596567018028,-64.0
11.969356603882265,-74.0
11.9751166407465,-61.0
11.980876677610736,-45.0
11.986636714474972,-22.0
11.992396751339207,-6.0
11.998156788203444,5.0
12.00391682506768,15.0
12.009676861931915,30.0
12.015436898796152,45.0
12.021196935660388,54.0
12.026956972524623,62.0
12.03271700938886,76.0
12.038477046253096,78.0
12.04423708311733,64.0
12.049997119981567,39.0
12.055757156845804,17.0
12.061517193710038,-5.0
12.067277230574275,-6.0
12.07303726743851,-24.0
12.078797304302746,-25.0
12.084557341166983,-53.0
12.090317378031218,-57.0
12.096077414895454,-51.0
12.10183745175969,-26.0
12.107597488623925,3.0
12.113357525488162,30.0
12.119117562352399,46.0
12.124877599216633,33.0
12.13063763608087,27.0
12.136397672945106,21.0
12.142157709809341,10.0
12.147917746673578,-20.0
12.153677783537814,-46.0
12.159437820402049,-63.0
12.165197857266286,-73.0
12.170957894130522,-60.0
12.176717930994757,-34.0
12.182477967858993,9.0
12.18823800472323,32.0
12.193998041587465,68.0
12.199758078451701,89.0
12.205518115315938,101.0
12.211278152180173,108.0
12.217038189044409,94.0
12.222798225908646,81.0
12.22855826277288,60.0
12.234318299637117,54.0
12.240078336501353,51.0
12.245838373365588,43.0
12.251598410229825,42.0
12.257358447094061,52.0
12.263118483958296,64.0
12.268878520822533,81.0
12.274638557686767,83.0
12.280398594551004,76.0
12.28615863141524,65.0
12.291918668279475,64.0
12.297678705143712,77.0
12.303438742007948,85.0
12.309198778872183,87.0
12.31495881573642,76.0
12.320718852600656,47.0
12.326478889464891,15.0
12.332238926329127,1.0
12.337998963193364,20.0
12.343759000057599,36.0
12.349519036921835,32.0
12.355279073786072,18.0
12.361039110650307,3.0
12.366799147514543,24.0
12.37255918437878,43.0
12.378319221243014,40.0
12.384079258107251,18.0
12.389839294971488,-1.0
12.395599331835722,14.0
12.401359368699959,40.0
12.407119405564195,50.0
12.41287944242843,39.0
12.418639479292667,10.0
12.424399516156903,-24.0
12.430159553021138,-61.0
12.435919589885374,-85.0
12.441679626749611,-97.0
12.447439663613846,-87.0
12.453199700478082,-51.0
12.458959737342319,-12.0
12.464719774206554,2.0
12.47047981107079,14.0
12.476239847935025,23.0
12.481999884799261,49.0
12.487759921663498,57.0
12.493519958527733,48.0
12.49927999539197,27.0
12.505040032256206,4.0
12.51080006912044,3.0
12.516560105984677,4.0
12.522320142848914,16.0
12.528080179713148,32.0
12.533840216577385,72.0
12.539600253441622,90.0
12.545360290305856,84.0
12.551120327170093,78.0
12.55688036403433,76.0
12.562640400898564,96.0
12.5684004377628,85.0
12.574160474627037,60.0
12.579920511491272,18.0
12.585680548355509,-15.0
12.591440585219745,-18.0
12.59720062208398,-13.0
12.602960658948216,-3.0
12.608720695812453,-16.0
12.614480732676688,-15.0
12.620240769540924,-19.0
12.62600080640516,-24.0
12.631760843269396,-17.0
12.637520880133632,5.0
12.643280916997869,30.0
12.649040953862103,52.0
12.65480099072634,52.0
12.660561027590576,28.0
12.666321064454811,-2.0
12.672081101319048,-2.0
12.677841138183283,23.0
12.683601175047519,52.0
12.689361211911756,76.0
12.69512124877599,96.0
12.700881285640227,108.0
12.706641322504463,99.0
12.712401359368698,70.0
12.718161396232935,48.0
12.723921433097171,31.0
12.729681469961406,21.0
12.735441506825643,14.0
12.74120154368988,-15.0
12.746961580554114,-44.0
12.75272161741835,-70.0
12.758481654282587,-57.0
12.764241691146822,-43.0
12.770001728011058,-7.0
12.775761764875295,17.0
12.78152180173953,29.0
12.787281838603766,14.0
12.793041875468003,-5.0
12.798801912332237,-15.0
12.804561949196474,-24.0
12.81032198606071,-13.0
12.816082022924945,0.0
12.821842059789182,2.0
12.827602096653418,6.0
12.833362133517653,-1.0
12.83912217038189,2.0
12.844882207246126,0.0
12.850642244110361,20.0
12.856402280974597,48.0
12.862162317838834,63.0
12.867922354703069,57.0
12.873682391567305,46.0
12.87944242843154,30.0
12.885202465295777,21.0
12.890962502160013,5.0
12.896722539024248,-9.0
12.902482575888484,-21.0
12.908242612752721,-34.0
12.914002649616956,-23.0
12.919762686481192,-9.0
12.925522723345429,-4.0
12.931282760209664,1.0
12.9370427970739,4.0
12.942802833938137,12.0
12.948562870802371,27.0
12.954322907666608,56.0
12.960082944530845,76.0
12.96584298139508,87.0
12.971603018259316,62.0
12.977363055123552,20.0
12.983123091987787,-34.0
12.988883128852024,-78.0
12.99464316571626,-80.0
13.000403202580495,-73.0
13.006163239444732,-74.0
13.011923276308968,-67.0
13.017683313173203,-65.0
13.02344335003744,-60.0
13.029203386901676,-64.0
13.03496342376591,-63.0
13.040723460630147,-72.0
13.046483497494384,-69.0
13.052243534358619,-65.0
13.058003571222855,-61.0
13.063763608087092,-68.0
13.069523644951326,-77.0
13.075283681815563,-65.0
13.081043718679798,-50.0
13.086803755544034,-39.0
13.09256379240827,-26.0
13.098323829272505,-10.0
13.104083866136742,-13.0
13.109843903000979,-12.0
13.115603939865213,-22.0
13.12136397672945,-37.0
13.127124013593686,-51.0
13.132884050457921,-69.0
13.138644087322158,-75.0
13.144404124186394,-89.0
13.150164161050629,-90.0
13.155924197914866,-77.0
13.161684234779102,-37.0
13.167444271643337,-16.0
13.173204308507573,-10.0
13.17896434537181,-25.0
13.184724382236045,-52.0
13.190484419100281,-61.0
13.196244455964518,-56.0
13.202004492828753,-58.0
13.207764529692989,-59.0
13.213524566557226,-48.0
13.21928460342146,-21.0
13.225044640285697,5.0
13.230804677149933,9.0
13.236564714014168,11.0
13.242324750878405,-8.0
13.248084787742641,-25.0
13.253844824606876,-46.0
13.259604861471113,-71.0
13.26536489833535,-93.0
13.271124935199584,-109.0
13.27688497206382,-104.0
13.282645008928055,-91.0
13.288405045792292,-81.0
13.294165082656528,-69.0
13.299925119520763,-82.0
13.305685156385,-98.0
13.311445193249236,-105.0
13.317205230113471,-89.0
13.322965266977707,-46.0
13.328725303841944,-1.0
13.334485340706179,32.0
13.340245377570415,35.0
13.346005414434652,12.0
13.351765451298887,-22.0
13.357525488163123,-56.0
13.36328552502736,-82.0
13.369045561891594,-82.0
13.374805598755831,-63.0
13.380565635620068,-43.0
13.386325672484302,-34.0
13.392085709348539,-29.0
13.397845746212775,-37.0
13.40360578307701,-59.0
13.409365819941247,-78.0
13.415125856805483,-85.0
13.420885893669718,-81.0
13.426645930533954,-100.0
13.432405967398191,-107.0
13.438166004262426,-133.0
13.443926041126662,-140.0
13.449686077990899,-160.0
13.455446114855134,-165.0
13.46120615171937,-169.0
13.466966188583607,-158.0
13.472726225447841,-143.0
13.478486262312078,-139.0
13.484246299176313,-139.0
13.49000633604055,-117.0
13.495766372904786,-83.0
13.50152640976902,-25.0
13.507286446633257,-9.0
13.513046483497494,-17.0
13.518806520361728,-35.0
13.524566557225965,-56.0
13.530326594090202,-41.0
13.536086630954436,-11.0
13.541846667818673,6.0
13.54760670468291,18.0
13.553366741547144,35.0
13.55912677841138,64.0
13.564886815275617,88.0
13.570646852139852,108.0
13.576406889004089,127.0
13.582166925868325,120.0
13.58792696273256,90.0
13.593686999596796,59.0
13.599447036461033,46.0
13.605207073325268,69.0
13.610967110189504,82.0
13.61672714705374,92.0
13.622487183917976,93.0
13.628247220782212,105.0
13.634007257646449,132.0
13.639767294510683,150.0
13.64552733137492,156.0
13.651287368239156,154.0
13.657047405103391,144.0
13.662807441967628,121.0
13.668567478831864,95.0
13.674327515696099,86.0
13.680087552560336,83.0
13.68584758942457,73.0
13.691607626288807,74.0
13.697367663153043,80.0
13.703127700017278,91.0
13.708887736881515,124.0
13.714647773745751,136.0
13.720407810609986,123.0
13.726167847474223,84.0
13.73192788433846,49.0
13.737687921202694,37.0
13.74344795806693,36.0
13.749207994931167,48.0
13.754968031795402,44.0
13.760728068659638,38.0
13.766488105523875,24.0
13.77224814238811,-2.0
13.778008179252346,15.0
13.783768216116583,29.0
13.789528252980817,58.0
13.795288289845054,80.0
13.80104832670929,77.0
13.806808363573525,62.0
13.812568400437762,62.0
13.818328437301998,74.0
13.824088474166233,79.0
13.82984851103047,75.0
13.835608547894706,55.0
13.841368584758941,39.0
13.847128621623177,13.0
13.852888658487414,22.0
13.858648695351649,29.0
13.864408732215885,28.0
13.870168769080122,32.0
13.875928805944357,35.0
13.881688842808593,41.0
13.887448879672828,57.0
13.893208916537064,58.0
13.898968953401301,47.0
13.904728990265536,15.0
13.910489027129772,-7.0
13.916249063994009,10.0
13.922009100858244,27.0
13.92776913772248,30.0
13.933529174586717,28.0
13.939289211450951,8.0
13.945049248315188,0.0
13.950809285179425,-8.0
13.95656932204366,13.0
13.962329358907896,58.0
13.968089395772132,91.0
13.973849432636367,122.0
13.979609469500604,110.0
13.98536950636484,102.0
13.991129543229075,79.0
13.996889580093312,52.0
14.002649616957548,32.0
14.008409653821783,28.0
14.01416969068602,79.0
14.019929727550256,114.0
14.02568976441449,102.0
14.031449801278727,51.0
14.037209838142964,-9.0
14.042969875007199,-43.0
14.048729911871435,-29.0
14.054489948735672,0.0
14.060249985599906,9.0
14.066010022464143,-6.0
14.07177005932838,-45.0
14.077530096192614,-64.0
14.08329013305685,-67.0
14.089050169921087,-46.0
14.094810206785322,-16.0
14.100570243649559,-13.0
14.106330280513793,-5.0
14.11209031737803,2.0
14.117850354242266,16.0
14.123610391106501,27.0
14.129370427970738,28.0
14.135130464834974,25.0
14.140890501699209,18.0
14.146650538563446,12.0
14.152410575427682,3.0
14.158170612291917,-10.0
14.163930649156153,-21.0
14.16969068602039,-15.0
14.175450722884625,13.0
14.181210759748861,46.0
14.186970796613098,60.0
14.192730833477333,59.0
14.198490870341569,52.0
14.204250907205806,43.0
14.21001094407004,40.0
14.215770980934277,33.0
14.221531017798513,4.0
14.227291054662748,-38.0
14.233051091526985,-71.0
14.238811128391221,-91.0
14.244571165255456,-94.0
14.250331202119693,-69.0
14.25609123898393,-24.0
14.261851275848164,16.0
14.2676113127124,32.0
14.273371349576637,44.0
14.279131386440872,42.0
14.284891423305108,32.0
14.290651460169345,25.0
14.29641149703358,25.0
14.302171533897816,18.0
14.307931570762051,6.0
14.313691607626287,-24.0
14.319451644490524,-48.0
14.325211681354759,-69.0
14.330971718218995,-68.0
14.336731755083232,-50.0
14.342491791947467,-35.0
14.348251828811703,-29.0
14.35401186567594,-13.0
14.359771902540174,3.0
14.365531939404411,14.0
14.371291976268648,11.0
14.377052013132882,11.0
14.382812049997119,0.0
14.388572086861355,-11.0
14.39433212372559,-20.0
14.400092160589827,-43.0
14.405852197454063,-70.0
14.411612234318298,-100.0
14.417372271182535,-108.0
14.423132308046771,-91.0
14.428892344911006,-51.0
14.434652381775242,-13.0
14.440412418639479,4.0
14.446172455503714,5.0
14.45193249236795,20.0
14.457692529232187,16.0
14.463452566096421,11.0
14.469212602960658,-1.0
14.474972639824895,-5.0
14.48073267668913,-17.0
14.486492713553366,-34.0
14.492252750417602,-42.0
14.498012787281837,-58.0
14.503772824146074,-79.0
14.509532861010308,-101.0
14.515292897874545,-92.0
14.521052934738782,-61.0
14.526812971603016,-29.0
14.532573008467253,-6.0
14.53833304533149,6.0
14.544093082195724,-1.0
14.54985311905996,-13.0
14.555613155924197,-11.0
14.561373192788432,-9.0
14.567133229652669,-14.0
14.572893266516905,-16.0
14.57865330338114,-8.0
14.584413340245376,3.0
14.590173377109613,22.0
14.595933413973848,38.0
14.601693450838084,48.0
14.60745348770232,42.0
14.613213524566556,44.0
14.618973561430792,39.0
14.624733598295029,41.0
14.630493635159263,47.0
14.6362536720235,40.0
14.642013708887736,40.0
14.647773745751971,32.0
14.653533782616208,41.0
14.659293819480444,53.0
14.665053856344679,70.0
14.670813893208916,76.0
14.676573930073152,79.0
14.682333966937387,65.0
14.688094003801623,51.0
14.69385404066586,60.0
14.699614077530095,66.0
14.705374114394331,73.0
14.711134151258566,87.0
14.716894188122803,65.0
14.72265422498704,43.0
14.728414261851274,7.0
14.73417429871551,20.0
14.739934335579747,32.0
14.745694372443982,49.0
14.751454409308218,32.0
14.757214446172455,40.0
14.76297448303669,53.0
14.768734519900926,82.0
14.774494556765163,88.0
14.780254593629397,66.0
14.786014630493634,28.0
14.79177466735787,10.0
14.797534704222105,21.0
14.803294741086342,41.0
14.809054777950578,56.0
14.814814814814813,61.0
14.82057485167905,54.0
14.826334888543286,51.0
14.832094925407521,56.0
14.837854962271757,66.0
14.843614999135994,52.0
14.849375036000229,39.0
14.855135072864465,30.0
14.860895109728702,32.0
14.866655146592937,44.0
14.872415183457173,39.0
14.87817522032141,42.0
14.883935257185644,26.0
14.889695294049881,4.0
14.895455330914118,-1.0
14.901215367778352,-10.0
14.906975404642589,-1.0
14.912735441506824,0.0
14.91849547837106,-11.0
14.924255515235297,-30.0
14.930015552099531,-36.0
14.935775588963768,-13.0
14.941535625828005,4.0
14.94729566269224,8.0
14.953055699556476,-6.0
14.958815736420712,-37.0
14.964575773284947,-64.0
14.970335810149184,-68.0
14.97609584701342,-51.0
14.981855883877655,-31.0
14.987615920741892,-21.0
14.993375957606128,-4.0
14.999135994470363,-18.0
15.0048960313346,-36.0
15.010656068198836,-61.0
15.01641610506307,-55.0
15.022176141927307,-40.0
15.027936178791544,-25.0
15.033696215655779,-15.0
15.039456252520015,-14.0
15.045216289384252,-10.0
15.050976326248486,21.0
15.056736363112723,45.0
15.06249639997696,47.0
15.068256436841194,38.0
15.07401647370543,27.0
15.079776510569667,24.0
15.085536547433902,35.0
15.091296584298139,30.0
15.097056621162375,27.0
15.10281665802661,5.0
15.108576694890846,-19.0
15.114336731755081,-47.0
15.120096768619318,-81.0
15.125856805483554,-110.0
15.131616842347789,-121.0
15.137376879212026,-116.0
15.143136916076262,-109.0
15.148896952940497,-86.0
15.154656989804733,-50.0
15.16041702666897,-21.0
15.166177063533205,-23.0
15.171937100397441,-34.0
15.177697137261678,-52.0
15.183457174125913,-68.0
15.189217210990149,-74.0
15.194977247854386,-69.0
15.20073728471862,-53.0
15.206497321582857,-75.0
15.212257358447093,-99.0
15.218017395311328,-119.0
15.223777432175565,-123.0
15.229537469039801,-98.0
15.235297505904036,-85.0
15.241057542768273,-84.0
15.24681757963251,-77.0
15.252577616496744,-54.0
15.25833765336098,-17.0
15.264097690225217,-3.0
15.269857727089452,11.0
15.275617763953688,9.0
15.281377800817925,20.0
15.28713783768216,3.0
15.292897874546396,-3.0
15.298657911410633,4.0
15.304417948274867,8.0
15.310177985139104,18.0
15.315938022003339,19.0
15.321698058867575,26.0
15.327458095731812,21.0
15.333218132596047,15.0
15.338978169460283,-9.0
15.34473820632452,-24.0
15.350498243188754,-7.0
15.356258280052991,30.0
15.362018316917228,55.0
15.367778353781462,59.0
15.373538390645699,49.0
15.379298427509935,31.0
15.38505846437417,14.0
15.390818501238407,9.0
15.396578538102643,14.0
15.402338574966878,14.0
15.408098611831115,1.0
15.413858648695351,-9.0
15.419618685559586,-18.0
15.425378722423822,-32.0
15.431138759288059,-25.0
15.436898796152294,-7.0
15.44265883301653,15.0
15.448418869880767,27.0
15.454178906745001,17.0
15.459938943609238,-10.0
15.465698980473475,-26.0
15.47145901733771,-32.0
15.477219054201946,-12.0
15.482979091066182,7.0
15.488739127930417,28.0
15.494499164794654,30.0
15.50025920165889,26.0
15.506019238523125,8.0
15.511779275387362,4.0
15.517539312251596,9.0
15.523299349115833,22.0
15.52905938598007,31.0
15.534819422844304,42.0
15.54057945970854,40.0
15.546339496572777,39.0
15.552099533437012,49.0
15.557859570301249,41.0
15.563619607165485,24.0
15.56937964402972,3.0
15.575139680893956,3.0
15.580899717758193,4.0
15.586659754622428,8.0
15.592419791486664,11.0
15.5981798283509,19.0
15.603939865215136,6.0
15.609699902079372,6.0
15.615459938943609,1.0
15.621219975807843,6.0
15.62698001267208,16.0
15.632740049536316,30.0
15.638500086400551,39.0
15.644260123264788,47.0
15.650020160129024,50.0
15.655780196993259,73.0
15.661540233857496,46.0
15.667300270721732,-16.0
15.673060307585967,-77.0
15.678820344450203,-104.0
15.68458038131444,-72.0
15.690340418178675,-30.0
15.696100455042911,8.0
15.701860491907148,36.0
15.707620528771383,42.0
15.71338056563562,47.0
15.719140602499854,27.0
15.72490063936409,-2.0
15.730660676228327,-23.0
15.736420713092562,-34.0
15.742180749956798,-38.0
15.747940786821035,-26.0
15.75370082368527,-7.0
15.759460860549506,-3.0
15.765220897413743,-2.0
15.770980934277977,-26.0
15.776740971142214,-53.0
15.78250100800645,-56.0
15.788261044870685,-55.0
15.794021081734922,-31.0
15.799781118599158,-29.0
15.805541155463393,-25.0
15.81130119232763,-23.0
15.817061229191866,-7.0
15.822821266056101,4.0
15.828581302920337,7.0
15.834341339784574,24.0
15.840101376648809,15.0
15.845861413513045,-6.0
15.851621450377282,-34.0
15.857381487241517,-45.0
15.863141524105753,-52.0
15.86890156096999,-31.0
15.874661597834224,-10.0
15.880421634698461,6.0
15.886181671562698,7.0
15.891941708426932,-12.0
15.897701745291169,-30.0
15.903461782155405,-36.0
15.90922181901964,-34.0
15.914981855883877,-19.0
15.920741892748111,-10.0
15.926501929612348,6.0
15.932261966476585,35.0
15.93802200334082,51.0
15.943782040205056,52.0
15.949542077069292,51.0
15.955302113933527,22.0
15.961062150797764,-4.0
15.966822187662,-41.0
15.972582224526235,-50.0
15.978342261390472,-34.0
15.984102298254708,-2.0
15.989862335118943,17.0
15.99562237198318,18.0
16.001382408847416,3.0
16.00714244571165,-27.0
16.01290248257589,-24.0
16.018662519440124,-8.0
16.02442255630436,23.0
16.030182593168593,40.0
16.03594263003283,50.0
16.041702666897066,35.0
16.0474627037613,13.0
16.05322274062554,-1.0
16.058982777489774,-8.0
16.06474281435401,-20.0
16.070502851218247,-16.0
16.076262888082482,-8.0
16.082022924946717,4.0
16.087782961810955,18.0
16.09354299867519,45.0
16.099303035539425,58.0
16.105063072403663,72.0
16.110823109267898,76.0
16.116583146132132,77.0
16.12234318299637,59.0
16.128103219860606,50.0
16.13386325672484,51.0
16.13962329358908,61.0
16.145383330453313,64.0
16.151143367317548,54.0
16.156903404181786,51.0
16.16266344104602,47.0
16.168423477910256,58.0
16.174183514774494,73.0
16.17994355163873,84.0
16.185703588502964,75.0
16.191463625367202,61.0
16.197223662231437,53.0
16.20298369909567,49.0
16.20874373595991,44.0
16.214503772824145,41.0
16.22026380968838,26.0
16.226023846552618,4.0
16.231783883416853,-26.0
16.237543920281087,-45.0
16.243303957145326,-60.0
16.24906399400956,-61.0
16.254824030873795,-45.0
16.260584067738034,-30.0
16.26634410460227,-18.0
16.272104141466503,-31.0
16.27786417833074,-36.0
16.283624215194976,-63.0
16.28938425205921,-65.0
16.29514428892345,-62.0
16.300904325787684,-52.0
16.30666436265192,-55.0
16.312424399516157,-48.0
16.318184436380392,-40.0
16.323944473244627,-34.0
16.329704510108865,-11.0
16.3354645469731,6.0
16.341224583837334,4.0
16.346984620701573,-1.0
16.352744657565808,7.0
16.358504694430042,29.0
16.36426473129428,44.0
16.370024768158515,40.0
16.37578480502275,33.0
16.38154484188699,10.0
16.387304878751223,-11.0
16.393064915615458,-16.0
16.398824952479696,-12.0
16.40458498934393,9.0
16.410345026208166,25.0
16.416105063072404,28.0
16.42186509993664,2.0
16.427625136800874,-37.0
16.43338517366511,-52.0
16.439145210529347,-44.0
16.44490524739358,-31.0
16.450665284257816,-17.0
16.456425321122055,-22.0
16.46218535798629,-41.0
16.467945394850524,-65.0
16.473705431714762,-75.0
16.479465468578997,-79.0
16.485225505443232,-76.0
16.49098554230747,-75.0
16.496745579171705,-66.0
16.50250561603594,-87.0
16.508265652900178,-96.0
16.514025689764413,-94.0
16.519785726628648,-81.0
16.525545763492886,-66.0
16.53130580035712,-71.0
16.537065837221355,-70.0
16.542825874085594,-67.0
16.54858591094983,-39.0
16.554345947814063,-10.0
16.5601059846783,9.0
16.565866021542536,10.0
16.57162605840677,4.0
16.57738609527101,-1.0
16.583146132135244,-30.0
16.58890616899948,-32.0
16.594666205863717,-26.0
16.600426242727952,-28.0
16.606186279592187,-45.0
16.611946316456425,-51.0
16.61770635332066,-40.0
16.623466390184895,-18.0
16.629226427049133,-17.0
16.634986463913368,-24.0
16.640746500777603,-40.0
16.64650653764184,-41.0
16.652266574506076,-19.0
16.65802661137031,-9.0
16.66378664823455,-16.0
16.669546685098783,-16.0
16.675306721963018,-10.0
16.681066758827257,0.0
16.68682679569149,19.0
16.692586832555726,27.0
16.698346869419964,42.0
16.7041069062842,35.0
16.709866943148434,22.0
16.715626980012672,11.0
16.721387016876907,4.0
16.72714705374114,2.0
16.73290709060538,2.0
16.738667127469615,2.0
16.74442716433385,22.0
16.750187201198088,49.0
16.755947238062323,73.0
16.761707274926557,85.0
16.767467311790796,69.0
16.77322734865503,45.0
16.778987385519265,21.0
16.784747422383504,-7.0
16.79050745924774,-11.0
16.796267496111973,-11.0
16.80202753297621,-8.0
16.807787569840446,-3.0
16.81354760670468,7.0
16.81930764356892,6.0
16.825067680433154,-6.0
16.83082771729739,-36.0
16.836587754161624,-55.0
16.842347791025862,-67.0
16.848107827890097,-60.0
16.85386786475433,-34.0
16.85962790161857,-10.0
16.865387938482804,4.0
16.87114797534704,6.0
16.876908012211278,9.0
16.882668049075512,-3.0
16.888428085939747,-9.0
16.894188122803985,-13.0
16.89994815966822,-5.0
16.905708196532455,20.0
16.911468233396693,47.0
16.917228270260928,69.0
16.922988307125163,70.0
16.9287483439894,59.0
16.934508380853636,57.0
16.94026841771787,46.0
16.94602845458211,34.0
16.951788491446344,28.0
16.95754852831058,20.0
16.963308565174817,8.0
16.96906860203905,14.0
16.974828638903286,26.0
16.980588675767525,48.0
16.98634871263176,55.0
16.992108749495994,48.0
16.997868786360232,37.0
17.003628823224467,7.0
17.009388860088702,-13.0
17.01514889695294,-21.0
17.020908933817175,3.0
17.02666897068141,28.0
17.032429007545648,42.0
17.038189044409883,34.0
17.043949081274118,18.0
17.049709118138356,12.0
17.05546915500259,11.0
17.061229191866826,9.0
17.066989228731064,-7.0
17.0727492655953,-18.0
17.078509302459533,-30.0
17.08426933932377,-36.0
17.090029376188006,-30.0
17.09578941305224,-10.0
17.10154944991648,10.0
17.107309486780714,31.0
17.11306952364495,45.0
17.118829560509187,41.0
17.124589597373422,24.0
17.130349634237657,2.0
17.136109671101895,-19.0
17.14186970796613,-37.0
17.147629744830365,-44.0
17.153389781694603,-32.0
17.159149818558838,-17.0
17.164909855423073,4.0
17.17066989228731,18.0
17.176429929151546,15.0
17.18218996601578,-3.0
17.18795000288002,-20.0
17.193710039744253,-15.0
17.19947007660849,4.0
17.205230113472727,21.0
17.21099015033696,47.0
17.216750187201196,61.0
17.222510224065434,54.0
17.22827026092967,32.0
17.234030297793904,17.0
17.23979033465814,3.0
17.245550371522377,3.0
17.251310408386612,0.0
17.257070445250847,-11.0
17.262830482115085,-23.0
17.26859051897932,-28.0
17.274350555843554,-19.0
17.280110592707793,-16.0
17.285870629572027,-18.0
17.291630666436262,-26.0
17.2973907033005,-28.0
17.303150740164735,-28.0
17.30891077702897,-20.0
17.31467081389321,-11.0
17.320430850757443,-6.0
17.326190887621678,-7.0
17.331950924485916,0.0
17.33771096135015,-2.0
17.343470998214386,-9.0
17.349231035078624,-31.0
17.35499107194286,-52.0
17.360751108807094,-68.0
17.366511145671332,-71.0
17.372271182535567,-41.0
17.3780312193998,-9.0
17.38379125626404,19.0
17.389551293128275,39.0
17.39531132999251,47.0
17.401071366856748,46.0
17.406831403720982,42.0
17.412591440585217,56.0
17.418351477449455,73.0
17.42411151431369,75.0
17.429871551177925,68.0
17.435631588042163,48.0
17.441391624906398,38.0
17.447151661770633,40.0
17.45291169863487,62.0
17.458671735499106,67.0
17.46443177236334,66.0
17.47019180922758,44.0
17.475951846091814,34.0
17.48171188295605,15.0
17.487471919820287,-1.0
17.49323195668452,-9.0
17.498991993548756,-19.0
17.504752030412995,-20.0
17.51051206727723,-20.0
17.516272104141464,-11.0
17.522032141005702,-12.0
17.527792177869937,-5.0
17.533552214734172,-3.0
17.53931225159841,-1.0
17.545072288462645,-4.0
17.55083232532688,-2.0
17.556592362191118,-6.0
17.562352399055353,-14.0
17.568112435919588,-29.0
17.573872472783826,-29.0
17.57963250964806,-25.0
17.585392546512296,-14.0
17.591152583376534,2.0
17.59691262024077,19.0
17.602672657105003,10.0
17.60843269396924,9.0
17.614192730833476,6.0
17.61995276769771,1.0
17.62571280456195,-26.0
17.631472841426184,-52.0
17.63723287829042,-54.0
17.642992915154654,-31.0
17.648752952018892,7.0
17.654512988883127,26.0
17.66027302574736,26.0
17.6660330626116,4.0
17.671793099475835,-11.0
17.67755313634007,-26.0
17.683313173204308,-41.0
17.689073210068543,-57.0
17.694833246932777,-52.0
17.700593283797016,-49.0
17.70635332066125,-47.0
17.712113357525485,-40.0
17.717873394389724,-41.0
17.72363343125396,-29.0
17.729393468118193,-6.0
17.73515350498243,26.0
17.740913541846666,51.0
17.7466735787109,67.0
17.75243361557514,74.0
17.758193652439374,59.0
17.76395368930361,37.0
17.769713726167847,18.0
17.775473763032082,11.0
17.781233799896317,10.0
17.786993836760555,11.0
17.79275387362479,25.0
17.798513910489024,21.0
17.804273947353263,22.0
17.810033984217498,10.0
17.815794021081732,12.0
17.82155405794597,7.0
17.827314094810205,13.0
17.83307413167444,34.0
17.83883416853868,54.0
17.844594205402913,66.0
17.850354242267148,50.0
17.856114279131386,24.0
17.86187431599562,-14.0
17.867634352859856,-37.0
17.873394389724094,-43.0
17.87915442658833,-48.0
17.884914463452564,-42.0
17.890674500316802,-43.0
17.896434537181037,-33.0
17.90219457404527,-30.0
17.90795461090951,-22.0
17.913714647773745,7.0
17.91947468463798,23.0
17.925234721502218,39.0
17.930994758366452,42.0
17.936754795230687,51.0
17.942514832094925,47.0
17.94827486895916,36.0
17.954034905823395,10.0
17.959794942687633,-19.0
17.965554979551868,-35.0
17.971315016416103,-23.0
17.97707505328034,3.0
17.982835090144576,15.0
17.98859512700881,16.0
17.99435516387305,9.0
18.000115200737284,-4.0
18.00587523760152,-8.0
18.011635274465757,-20.0
18.01739531132999,-10.0
18.023155348194226,-4.0
18.028915385058465,3.0
18.0346754219227,15.0
18.040435458786934,23.0
18.04619549565117,13.0
18.051955532515407,1.0
18.057715569379642,-9.0
18.063475606243877,-5.0
18.069235643108115,20.0
18.07499567997235,31.0
18.080755716836585,31.0
18.086515753700823,7.0
18.092275790565058,3.0
18.098035827429293,5.0
18.10379586429353,5.0
18.109555901157766,16.0
18.115315938022,17.0
18.12107597488624,20.0
18.126836011750473,9.0
18.132596048614708,0.0
18.138356085478947,-32.0
18.14411612234318,-62.0
18.149876159207416,-88.0
18.155636196071654,-88.0
18.16139623293589,-89.0
18.167156269800124,-90.0
18.172916306664362,-77.0
18.178676343528597,-59.0
18.18443638039283,-33.0
18.19019641725707,-17.0
18.195956454121305,5.0
18.20171649098554,17.0
18.207476527849778,31.0
18.213236564714013,52.0
18.218996601578247,43.0
18.224756638442486,32.0
18.23051667530672,9.0
18.236276712170955,-15.0
18.242036749035194,-39.0
18.24779678589943,-46.0
18.253556822763663,-49.0
18.2593168596279,-46.0
18.265076896492136,-51.0
18.27083693335637,-50.0
18.27659697022061,-39.0
18.282357007084844,-30.0
18.28811704394908,-1.0
18.293877080813317,10.0
18.299637117677552,16.0
18.305397154541787,12.0
18.311157191406025,12.0
18.31691722827026,36.0
18.322677265134494,50.0
18.328437301998733,79.0
18.334197338862968,94.0
18.339957375727202,102.0
18.34571741259144,79.0
18.351477449455675,61.0
18.35723748631991,39.0
18.36299752318415,17.0
18.368757560048383,2.0
18.374517596912618,-6.0
18.380277633776856,21.0
18.38603767064109,50.0
18.391797707505326,58.0
18.397557744369564,33.0
18.4033177812338,2.0
18.409077818098034,-20.0
18.414837854962272,-28.0
18.420597891826507,-42.0
18.42635792869074,-50.0
18.43211796555498,-29.0
18.437878002419215,2.0
18.44363803928345,20.0
18.449398076147684,17.0
18.455158113011922,12.0
18.460918149876157,13.0
18.466678186740392,24.0
18.47243822360463,39.0
18.478198260468865,39.0
18.4839582973331,28.0
18.489718334197338,20.0
18.495478371061573,11.0
18.501238407925808,15.0
18.506998444790046,15.0
18.51275848165428,22.0
18.518518518518515,13.0
18.524278555382754,-6.0
18.53003859224699,-23.0
18.535798629111223,-36.0
18.54155866597546,-51.0
18.547318702839696,-53.0
18.55307873970393,-50.0
18.55883877656817,-48.0
18.564598813432404,-53.0
18.57035885029664,-53.0
18.576118887160877,-27.0
18.581878924025112,1.0
18.587638960889347,21.0
18.593398997753585,35.0
18.59915903461782,39.0
18.604919071482055,52.0
18.610679108346293,73.0
18.616439145210528,83.0
18.622199182074763,64.0
18.627959218939,47.0
18.633719255803236,43.0
18.63947929266747,56.0
18.64523932953171,74.0
18.650999366395943,81.0
18.65675940326018,83.0
18.662519440124417,75.0
18.66827947698865,71.0
18.674039513852886,75.0
18.679799550717124,77.0
18.68555958758136,73.0
18.691319624445594,63.0
18.697079661309832,43.0
18.702839698174067,20.0
18.7085997350383,23.0
18.71435977190254,36.0
18.720119808766775,57.0
18.72587984563101,64.0
18.731639882495248,67.0
18.737399919359483,50.0
18.743159956223717,25.0
18.748919993087956,10.0
18.75468002995219,4.0
18.760440066816425,-7.0
18.766200103680664,-34.0
18.7719601405449,-55.0
18.777720177409133,-58.0
18.78348021427337,-35.0
18.789240251137606,-9.0
18.79500028800184,-5.0
18.80076032486608,-7.0
18.806520361730314,-12.0
18.81228039859455,25.0
18.818040435458787,53.0
18.823800472323022,53.0
18.829560509187257,16.0
18.835320546051495,-13.0
18.84108058291573,-30.0
18.846840619779964,-29.0
18.852600656644203,-22.0
18.858360693508438,-22.0
18.864120730372672,-25.0
18.869880767236907,-31.0
18.875640804101145,-13.0
18.88140084096538,4.0
18.887160877829615,25.0
18.892920914693853,18.0
18.898680951558088,-3.0
18.904440988422323,-29.0
18.91020102528656,-24.0
18.915961062150796,1.0
18.92172109901503,7.0
18.92748113587927,-3.0
18.933241172743504,-33.0
18.93900120960774,-52.0
18.944761246471977,-49.0
18.95052128333621,-28.0
18.956281320200446,7.0
18.962041357064685,30.0
18.96780139392892,42.0
18.973561430793154,39.0
18.979321467657392,21.0
18.985081504521627,0.0
18.990841541385862,-5.0
18.9966015782501,-10.0
19.002361615114335,-26.0
19.00812165197857,-47.0
19.013881688842808,-73.0
19.019641725707043,-84.0
19.025401762571278,-78.0
19.031161799435516,-56.0
19.03692183629975,-20.0
19.042681873163986,2.0
19.048441910028224,30.0
19.05420194689246,55.0
19.059961983756693,64.0
19.06572202062093,41.0
19.071482057485166,-7.0
19.0772420943494,-60.0
19.08300213121364,-84.0
19.088762168077874,-83.0
19.09452220494211,-81.0
19.100282241806347,-93.0
19.106042278670582,-108.0
19.111802315534817,-111.0
19.117562352399055,-94.0
19.12332238926329,-76.0
19.129082426127525,-60.0
19.134842462991763,-43.0
19.140602499855998,-34.0
19.146362536720233,-39.0
19.15212257358447,-26.0
19.157882610448706,-26.0
19.16364264731294,-28.0
19.16940268417718,-43.0
19.175162721041414,-69.0
19.18092275790565,-87.0
19.186682794769887,-89.0
19.19244283163412,-67.0
19.198202868498356,-46.0
19.203962905362594,-18.0
19.20972294222683,-2.0
19.215482979091064,16.0
19.221243015955302,15.0
19.227003052819537,3.0
19.232763089683772,7.0
19.23852312654801,2.0
19.244283163412245,8.0
19.25004320027648,19.0
19.255803237140718,30.0
19.261563274004953,26.0
19.267323310869187,18.0
19.273083347733422,21.0
19.27884338459766,35.0
19.284603421461895,46.0
19.29036345832613,48.0
19.29612349519037,47.0
19.301883532054603,48.0
19.307643568918838,50.0
19.313403605783076,53.0
19.31916364264731,47.0
19.324923679511546,30.0
19.330683716375784,9.0
19.33644375324002,-13.0
19.342203790104254,-32.0
19.347963826968492,-32.0
19.353723863832727,-18.0
19.35948390069696,-14.0
19.3652439375612,-30.0
19.371003974425435,-69.0
19.37676401128967,-99.0
19.382524048153908,-99.0
19.388284085018142,-79.0
19.394044121882377,-9.0
19.399804158746615,39.0
19.40556419561085,45.0
19.411324232475085,22.0
19.417084269339323,-15.0
19.422844306203558,-40.0
19.428604343067793,-34.0
19.43436437993203,-12.0
19.440124416796266,19.0
19.4458844536605,38.0
19.45164449052474,54.0
19.457404527388974,39.0
19.46316456425321,23.0
19.468924601117447,2.0
19.47468463798168,-4.0
19.480444674845916,-1.0
19.486204711710155,4.0
19.49196474857439,33.0
19.497724785438624,37.0
19.503484822302863,33.0
19.509244859167097,4.0
19.515004896031332,-17.0
19.52076493289557,-26.0
19.526524969759805,-26.0
19.53228500662404,-4.0
19.538045043488278,11.0
19.543805080352513,11.0
19.549565117216748,-1.0
19.555325154080986,-13.0
19.56108519094522,-31.0
19.566845227809456,-30.0
19.572605264673694,-18.0
19.57836530153793,-26.0
19.584125338402163,-31.0
19.5898853752664,-25.0
19.595645412130636,2.0
19.60140544899487,22.0
19.60716548585911,32.0
19.612925522723344,21.0
19.61868555958758,-1.0
19.624445596451817,-18.0
19.630205633316052,-27.0
19.635965670180287,-5.0
19.641725707044525,8.0
19.64748574390876,26.0
19.653245780772995,38.0
19.659005817637233,48.0
19.664765854501468,47.0
19.670525891365703,46.0
19.676285928229937,45.0
19.682045965094176,29.0
19.68780600195841,12.0
19.693566038822645,-18.0
19.699326075686884,-23.0
19.70508611255112,-11.0
19.710846149415353,20.0
19.71660618627959,44.0
19.722366223143826,35.0
19.72812626000806,16.0
19.7338862968723,1.0
19.739646333736534,-13.0
19.74540637060077,-17.0
19.751166407465007,-3.0
19.756926444329242,2.0
19.762686481193477,2.0
19.768446518057715,-11.0
19.77420655492195,-15.0
19.779966591786184,-26.0
19.785726628650423,-28.0
19.791486665514658,-20.0
19.797246702378892,-14.0
19.80300673924313,-21.0
19.808766776107365,-23.0
19.8145268129716,-22.0
19.82028684983584,4.0
19.826046886700073,26.0
19.831806923564308,56.0
19.837566960428546,57.0
19.84332699729278,42.0
19.849087034157016,20.0
19.854847071021254,8.0
19.86060710788549,22.0
19.866367144749724,36.0
19.872127181613962,69.0
19.877887218478197,70.0
19.88364725534243,49.0
19.88940729220667,11.0
19.895167329070905,-14.0
19.90092736593514,-24.0
19.906687402799378,-7.0
19.912447439663612,30.0
19.918207476527847,48.0
19.923967513392085,43.0
19.92972755025632,17.0
19.935487587120555,9.0
19.941247623984793,9.0
19.947007660849028,25.0
19.952767697713263,30.0
19.9585277345775,32.0
19.964287771441736,25.0
19.97004780830597,22.0
19.97580784517021,12.0
19.981567882034444,-5.0
19.98732791889868,-8.0
19.993087955762917,6.0
19.99884799262715,22.0
20.004608029491386,27.0
20.010368066355625,10.0
20.01612810321986,-15.0
20.021888140084094,-30.0
20.027648176948333,-26.0
20.033408213812567,-6.0
20.039168250676802,20.0
20.04492828754104,31.0
20.050688324405275,32.0
20.05644836126951,13.0
20.06220839813375,-8.0
20.067968434997983,-25.0
20.073728471862218,-18.0
20.079488508726453,-5.0
20.08524854559069,5.0
20.091008582454926,13.0
20.09676861931916,5.0
20.1025286561834,-10.0
20.108288693047633,-25.0
20.114048729911868,-5.0
20.119808766776107,20.0
20.12556880364034,39.0
20.131328840504576,39.0
20.137088877368814,16.0
20.14284891423305,7.0
20.148608951097284,4.0
20.154368987961522,7.0
20.160129024825757,10.0
20.16588906168999,-1.0
20.17164909855423,-3.0
20.177409135418465,-18.0
20.1831691722827,-27.0
20.188929209146938,-31.0
20.194689246011173,-10.0
20.200449282875407,14.0
20.206209319739646,32.0
20.21196935660388,45.0
20.217729393468115,35.0
20.223489430332354,8.0
20.22924946719659,-1.0
20.235009504060823,-3.0
20.24076954092506,12.0
20.246529577789296,12.0
20.25228961465353,0.0
20.25804965151777,-19.0
20.263809688382004,-28.0
20.26956972524624,-29.0
20.275329762110477,-21.0
20.281089798974712,-17.0
20.286849835838947,-15.0
20.292609872703185,-2.0
20.29836990956742,10.0
20.304129946431654,22.0
20.309889983295893,32.0
20.315650020160128,34.0
20.321410057024362,15.0
20.3271700938886,-11.0
20.332930130752835,-40.0
20.33869016761707,-63.0
20.34445020448131,-68.0
20.350210241345543,-61.0
20.355970278209778,-46.0
20.361730315074016,-46.0
20.36749035193825,-45.0
20.373250388802486,-43.0
20.379010425666724,-54.0
20.38477046253096,-78.0
20.390530499395194,-96.0
20.396290536259432,-91.0
20.402050573123667,-69.0
20.4078106099879,-38.0
20.41357064685214,-14.0
20.419330683716375,-17.0
20.42509072058061,-29.0
20.430850757444848,-38.0
20.436610794309082,-37.0
20.442370831173317,-39.0
20.448130868037556,-37.0
20.45389090490179,-28.0
20.459650941766025,-19.0
20.465410978630263,-17.0
20.471171015494498,-11.0
20.476931052358733,5.0
20.482691089222968,25.0
20.488451126087206,55.0
20.49421116295144,71.0
20.499971199815676,62.0
20.505731236679914,40.0
20.51149127354415,23.0
20.517251310408383,7.0
20.52301134727262,0.0
20.528771384136856,12.0
20.53453142100109,16.0
20.54029145786533,18.0
20.546051494729564,-6.0
20.5518115315938,1.0
20.557571568458037,2.0
20.563331605322272,19.0
20.569091642186507,21.0
20.574851679050745,17.0
20.58061171591498,1.0
20.586371752779215,1.0
20.592131789643453,14.0
20.597891826507688,40.0
20.603651863371923,44.0
20.60941190023616,32.0
20.615171937100396,-1.0
20.62093197396463,-43.0
20.62669201082887,-57.0
20.632452047693103,-41.0
20.63821208455734,-24.0
20.643972121421577,-29.0
20.64973215828581,-44.0
20.655492195150046,-39.0
20.661252232014284,-21.0
20.66701226887852,15.0
20.672772305742754,38.0
20.678532342606992,48.0
20.684292379471227,44.0
20.69005241633546,33.0
20.6958124531997,31.0
20.701572490063935,18.0
20.70733252692817,18.0
20.713092563792408,13.0
20.718852600656643,19.0
20.724612637520877,20.0
20.730372674385116,26.0
20.73613271124935,33.0
20.741892748113585,17.0
20.747652784977824,9.0
20.75341282184206,14.0
20.759172858706293,26.0
20.76493289557053,42.0
20.770692932434766,50.0
20.776452969299,47.0
20.78221300616324,37.0
20.787973043027474,43.0
20.79373307989171,55.0
20.799493116755947,74.0
20.805253153620182,54.0
20.811013190484417,21.0
20.816773227348655,-20.0
20.82253326421289,-36.0
20.828293301077125,-21.0
20.834053337941363,12.0
20.839813374805598,25.0
20.845573411669832,11.0
20.85133344853407,10.0
20.857093485398305,-3.0
20.86285352226254,-4.0
20.86861355912678,2.0
20.874373595991013,9.0
20.880133632855248,13.0
20.885893669719483,7.0
20.89165370658372,-2.0
20.897413743447956,-21.0
20.90317378031219,-33.0
20.90893381717643,-29.0
20.914693854040664,-7.0
20.9204538909049,13.0
20.926213927769137,23.0
20.93197396463337,33.0
20.937734001497606,25.0
20.943494038361845,8.0
20.94925407522608,-1.0
20.955014112090314,5.0
20.960774148954552,20.0
20.966534185818787,38.0
20.972294222683022,44.0
20.97805425954726,44.0
20.983814296411495,34.0
20.98957433327573,35.0
20.995334370139968,40.0
21.001094407004203,32.0
21.006854443868438,17.0
21.012614480732676,13.0
21.01837451759691,20.0
21.024134554461146,27.0
21.029894591325384,43.0
21.03565462818962,54.0
21.041414665053853,59.0
21.04717470191809,53.0
21.052934738782326,44.0
21.05869477564656,36.0
21.0644548125108,20.0
21.070214849375034,16.0
21.07597488623927,16.0
21.081734923103507,9.0
21.087494959967742,13.0
21.093254996831977,15.0
21.099015033696215,26.0
21.10477507056045,30.0
21.110535107424685,30.0
21.116295144288923,30.0
21.122055181153158,15.0
21.127815218017393,-11.0
21.13357525488163,-39.0
21.139335291745866,-66.0
21.1450953286101,-72.0
21.15085536547434,-62.0
21.156615402338574,-33.0
21.16237543920281,-8.0
21.168135476067047,11.0
21.17389551293128,21.0
21.179655549795516,25.0
21.185415586659754,25.0
21.19117562352399,43.0
21.196935660388224,62.0
21.202695697252462,74.0
21.208455734116697,77.0
21.214215770980932,70.0
21.21997580784517,52.0
21.225735844709405,31.0
21.23149588157364,24.0
21.237255918437878,24.0
21.243015955302113,33.0
21.248775992166347,60.0
21.254536029030586,67.0
21.26029606589482,62.0
21.266056102759055,47.0
21.271816139623294,37.0
21.27757617648753,39.0
21.283336213351763,39.0
21.289096250215998,35.0
21.294856287080236,27.0
21.30061632394447,4.0
21.306376360808706,-13.0
21.312136397672944,-6.0
21.31789643453718,7.0
21.323656471401414,21.0
21.329416508265652,20.0
21.335176545129887,27.0
21.34093658199412,30.0
21.34669661885836,41.0
21.352456655722595,40.0
21.35821669258683,20.0
21.363976729451068,-6.0
21.369736766315302,-19.0
21.375496803179537,-16.0
21.381256840043775,-5.0
21.38701687690801,7.0
21.392776913772245,17.0
21.398536950636483,37.0
21.404296987500718,37.0
21.410057024364953,50.0
21.41581706122919,64.0
21.421577098093426,65.0
21.42733713495766,65.0
21.4330971718219,52.0
21.438857208686134,33.0
21.44461724555037,5.0
21.450377282414607,-7.0
21.45613731927884,5.0
21.461897356143076,39.0
21.467657393007315,69.0
21.47341742987155,81.0
21.479177466735784,79.0
21.484937503600023,72.0
21.490697540464257,92.0
21.496457577328492,95.0
21.50221761419273,88.0
21.507977651056965,74.0
21.5137376879212,67.0
21.519497724785438,56.0
21.525257761649673,25.0
21.531017798513908,-14.0
21.536777835378146,-58.0
21.54253787224238,-72.0
21.548297909106616,-53.0
21.554057945970854,-12.0
21.55981798283509,17.0
21.565578019699323,30.0
21.57133805656356,27.0
21.577098093427796,4.0
21.58285813029203,-6.0
21.58861816715627,-11.0
21.594378204020504,-9.0
21.60013824088474,-11.0
21.605898277748977,-28.0
21.611658314613212,-33.0
21.617418351477447,-21.0
21.623178388341685,6.0
21.62893842520592,58.0
21.634698462070155,94.0
21.640458498934393,101.0
21.646218535798628,81.0
21.651978572662863,71.0
21.6577386095271,46.0
21.663498646391336,15.0
21.66925868325557,-24.0
21.67501872011981,-50.0
21.680778756984044,-66.0
21.68653879384828,-56.0
21.692298830712513,-35.0
21.69805886757675,-14.0
21.703818904440986,-4.0
21.70957894130522,8.0
21.71533897816946,28.0
21.721099015033694,51.0
21.72685905189793,65.0
21.732619088762167,69.0
21.738379125626402,60.0
21.744139162490637,49.0
21.749899199354875,43.0
21.75565923621911,44.0
21.761419273083344,54.0
21.767179309947583,47.0
21.772939346811818,47.0
21.778699383676052,50.0
21.78445942054029,59.0
21.790219457404525,80.0
21.79597949426876,93.0
21.801739531133,100.0
21.807499567997233,115.0
21.813259604861468,134.0
21.819019641725706,143.0
21.82477967858994,144.0
21.830539715454176,106.0
21.836299752318414,57.0
21.84205978918265,11.0
21.847819826046884,3.0
21.853579862911122,14.0
21.859339899775357,30.0
21.86509993663959,28.0
21.87085997350383,36.0
21.876620010368065,55.0
21.8823800472323,57.0
21.888140084096538,58.0
21.893900120960772,53.0
21.899660157825007,46.0
21.905420194689246,32.0
21.91118023155348,18.0
21.916940268417715,-1.0
21.922700305281953,-19.0
21.928460342146188,-11.0
21.934220379010423,6.0
21.93998041587466,18.0
21.945740452738896,22.0
21.95150048960313,6.0
21.95726052646737,-19.0
21.963020563331604,-40.0
21.96878060019584,-38.0
21.974540637060077,-21.0
21.98030067392431,-27.0
21.986060710788546,-45.0
21.991820747652785,-61.0
21.99758078451702,-58.0
22.003340821381254,-48.0
22.009100858245493,-45.0
22.014860895109727,-26.0
22.020620931973962,-21.0
22.0263809688382,-4.0
22.032141005702435,11.0
22.03790104256667,10.0
22.04366107943091,9.0
22.049421116295143,11.0
22.055181153159378,26.0
22.060941190023616,29.0
22.06670122688785,35.0
22.072461263752086,24.0
22.078221300616324,5.0
22.08398133748056,-14.0
22.089741374344793,-30.0
22.09550141120903,-34.0
22.101261448073267,-31.0
22.1070214849375,-22.0
22.112781521801736,1.0
22.118541558665974,20.0
22.12430159553021,42.0
22.130061632394444,57.0
22.135821669258682,62.0
22.141581706122917,54.0
22.14734174298715,28.0
22.15310177985139,4.0
22.158861816715625,-24.0
22.16462185357986,-41.0
22.170381890444098,-18.0
22.176141927308333,20.0
22.181901964172567,17.0
22.187662001036806,-13.0
22.19342203790104,-61.0
22.199182074765275,-69.0
22.204942111629514,-33.0
22.21070214849375,19.0
22.216462185357983,46.0
22.22222222222222,48.0
22.227982259086456,22.0
22.23374229595069,-6.0
22.23950233281493,-22.0
22.245262369679164,-16.0
22.2510224065434,17.0
22.256782443407637,55.0
22.262542480271872,65.0
22.268302517136107,47.0
22.274062554000345,31.0
22.27982259086458,18.0
22.285582627728814,25.0
22.291342664593053,41.0
22.297102701457288,57.0
22.302862738321522,65.0
22.30862277518576,61.0
22.314382812049995,52.0
22.32014284891423,22.0
22.32590288577847,19.0
22.331662922642703,32.0
22.337422959506938,46.0
22.343182996371176,56.0
22.34894303323541,44.0
22.354703070099646,37.0
22.360463106963884,32.0
22.36622314382812,32.0
22.371983180692354,52.0
22.377743217556592,83.0
22.383503254420827,94.0
22.38926329128506,79.0
22.3950233281493,47.0
22.400783365013535,7.0
22.40654340187777,13.0
22.412303438742008,30.0
22.418063475606242,52.0
22.423823512470477,48.0
22.429583549334716,22.0
22.43534358619895,4.0
22.441103623063185,-12.0
22.446863659927423,-2.0
22.452623696791658,23.0
22.458383733655893,31.0
22.46414377052013,20.0
22.469903807384366,11.0
22.4756638442486,7.0
22.48142388111284,29.0
22.487183917977074,45.0
22.49294395484131,56.0
22.498703991705547,54.0
22.50446402856978,44.0
22.510224065434016,46.0
22.51598410229825,37.0
22.52174413916249,25.0
22.527504176026724,34.0
22.53326421289096,50.0
22.539024249755197,57.0
22.544784286619432,46.0
22.550544323483667,18.0
22.556304360347905,-4.0
22.56206439721214,-15.0
22.567824434076375,-5.0
22.573584470940613,14.0
22.579344507804848,13.0
22.585104544669083,-22.0
22.59086458153332,-55.0
22.596624618397556,-69.0
22.60238465526179,-48.0
22.60814469212603,-6.0
22.613904728990263,28.0
22.6196647658545,49.0
22.625424802718737,46.0
22.63118483958297,39.0
22.636944876447206,19.0
22.642704913311444,-16.0
22.64846495017568,-41.0
22.654224987039914,-38.0
22.659985023904152,-30.0
22.665745060768387,-41.0
22.671505097632622,-76.0
22.67726513449686,-113.0
22.683025171361095,-119.0
22.68878520822533,-95.0
22.694545245089568,-52.0
22.700305281953803,-18.0
22.706065318818037,20.0
22.711825355682276,52.0
22.71758539254651,49.0
22.723345429410745,30.0
22.729105466274984,-5.0
22.73486550313922,-10.0
22.740625540003453,-7.0
22.74638557686769,3.0
22.752145613731926,13.0
22.75790565059616,11.0
22.7636656874604,22.0
22.769425724324634,39.0
22.77518576118887,56.0
22.780945798053107,62.0
22.786705834917342,70.0
22.792465871781577,75.0
22.798225908645815,62.0
22.80398594551005,32.0
22.809745982374285,-12.0
22.815506019238523,-23.0
22.821266056102758,-1.0
22.827026092966992,40.0
22.83278612983123,73.0
22.838546166695465,74.0
22.8443062035597,60.0
22.85006624042394,43.0
22.855826277288173,44.0
22.861586314152408,32.0
22.867346351016646,22.0
22.87310638788088,5.0
22.878866424745116,-34.0
22.884626461609354,-62.0
22.89038649847359,-73.0
22.896146535337824,-59.0
22.901906572202062,-37.0
22.907666609066297,-35.0
22.91342664593053,-32.0
22.919186682794766,-50.0
22.924946719659005,-59.0
22.93070675652324,-56.0
22.936466793387474,-45.0
22.942226830251712,-37.0
22.947986867115947,-32.0
22.953746903980182,-30.0
22.95950694084442,-16.0
22.965266977708655,-1.0
22.97102701457289,13.0
22.976787051437128,-2.0
22.982547088301363,-38.0
22.988307125165598,-81.0
22.994067162029836,-100.0
22.99982719889407,-107.0
23.005587235758306,-87.0
23.011347272622544,-55.0
23.01710730948678,-38.0
23.022867346351013,-18.0
23.02862738321525,-13.0
23.034387420079486,-3.0
23.04014745694372,-11.0
23.04590749380796,-7.0
23.051667530672194,6.0
23.05742756753643,-10.0
23.063187604400667,-21.0
23.068947641264902,-47.0
23.074707678129137,-43.0
23.080467714993375,-52.0
23.08622775185761,-66.0
23.091987788721845,-95.0
23.097747825586083,-44.0
23.103507862450318,-1.0
23.109267899314553,29.0
23.11502793617879,42.0
23.120787973043026,39.0
23.12654800990726,29.0
23.1323080467715,25.0
23.138068083635734,4.0
23.14382812049997,-17.0
23.149588157364207,-18.0
23.15534819422844,-14.0
23.161108231092676,-15.0
23.166868267956914,-27.0
23.17262830482115,-41.0
23.178388341685384,-41.0
23.184148378549622,-15.0
23.189908415413857,23.0
23.195668452278092,47.0
23.20142848914233,44.0
23.207188526006565,42.0
23.2129485628708,26.0
23.218708599735038,7.0
23.224468636599273,-28.0
23.230228673463508,-46.0
23.235988710327746,-53.0
23.24174874719198,-43.0
23.247508784056215,-32.0
23.253268820920454,-42.0
23.25902885778469,-54.0
23.264788894648923,-63.0
23.27054893151316,-41.0
23.276308968377396,3.0
23.28206900524163,40.0
23.28782904210587,42.0
23.293589078970104,7.0
23.29934911583434,-35.0
23.305109152698577,-64.0
23.310869189562812,-60.0
23.316629226427047,-40.0
23.32238926329128,-30.0
23.32814930015552,-20.0
23.333909337019755,-20.0
23.33966937388399,-19.0
23.345429410748228,13.0
23.351189447612462,27.0
23.356949484476697,14.0
23.362709521340935,-10.0
23.36846955820517,-18.0
23.374229595069405,6.0
23.379989631933643,31.0
23.385749668797878,46.0
23.391509705662113,41.0
23.39726974252635,25.0
23.403029779390586,-1.0
23.40878981625482,-12.0
23.41454985311906,-7.0
23.420309889983294,0.0
23.42606992684753,-5.0
23.431829963711767,-16.0
23.437590000576,-48.0
23.443350037440236,-61.0
23.449110074304475,-68.0
23.45487011116871,-69.0
23.460630148032944,-65.0
23.466390184897183,-51.0
23.472150221761417,-29.0
23.477910258625652,-28.0
23.48367029548989,-33.0
23.489430332354125,-45.0
23.49519036921836,-57.0
23.500950406082598,-70.0
23.506710442946833,-74.0
23.512470479811068,-54.0
23.518230516675306,-40.0
23.52399055353954,-27.0
23.529750590403776,-20.0
23.535510627268014,-25.0
23.54127066413225,-17.0
23.547030700996483,1.0
23.55279073786072,20.0
23.558550774724957,32.0
23.56431081158919,38.0
23.57007084845343,40.0
23.575830885317664,48.0
23.5815909221819,43.0
23.587350959046137,56.0
23.593110995910372,14.0
